id_dni_terapii,id_terapia,dzien_zajec
1,1,Czwartek
2,1,Piatek
3,1,Wtorek
4,1,Poniedzialek
5,1,Sroda
6,1,Sobota
7,2,Czwartek
8,2,Piatek
9,3,Piatek
10,3,Wtorek
11,3,Sroda
12,4,Wtorek
13,5,Niedziela
14,5,Sobota
15,5,Poniedzialek
16,5,Wtorek
17,6,Sroda
18,7,Wtorek
19,7,Piatek
20,7,Czwartek
21,7,Poniedzialek
22,8,Poniedzialek
23,8,Sobota
24,8,Niedziela
25,8,Wtorek
26,8,Piatek
27,9,Czwartek
28,10,Sobota
29,10,Niedziela
30,10,Wtorek
31,10,Piatek
32,10,Czwartek
33,11,Poniedzialek
34,11,Piatek
35,11,Sroda
36,11,Wtorek
37,11,Sobota
38,11,Niedziela
39,11,Czwartek
40,12,Wtorek
41,12,Sobota
42,12,Piatek
43,12,Poniedzialek
44,12,Czwartek
45,12,Sroda
46,13,Sroda
47,13,Poniedzialek
48,13,Niedziela
49,13,Piatek
50,13,Sobota
51,14,Sroda
52,15,Poniedzialek
53,15,Wtorek
54,15,Sroda
55,15,Niedziela
56,15,Sobota
57,16,Sroda
58,16,Niedziela
59,17,Wtorek
60,17,Sroda
61,17,Niedziela
62,17,Sobota
63,17,Poniedzialek
64,17,Piatek
65,18,Czwartek
66,18,Niedziela
67,18,Wtorek
68,18,Piatek
69,18,Sroda
70,18,Poniedzialek
71,18,Sobota
72,19,Niedziela
73,19,Poniedzialek
74,19,Wtorek
75,19,Piatek
76,20,Wtorek
77,20,Sobota
78,20,Piatek
79,20,Czwartek
80,21,Sobota
81,21,Poniedzialek
82,21,Sroda
83,21,Niedziela
84,21,Wtorek
85,22,Poniedzialek
86,22,Sroda
87,22,Piatek
88,22,Czwartek
89,22,Sobota
90,22,Niedziela
91,22,Wtorek
92,23,Niedziela
93,23,Czwartek
94,24,Niedziela
95,24,Poniedzialek
96,25,Sroda
97,25,Wtorek
98,25,Niedziela
99,26,Czwartek
100,26,Wtorek
101,27,Czwartek
102,27,Sobota
103,27,Niedziela
104,27,Piatek
105,28,Wtorek
106,28,Piatek
107,28,Sroda
108,29,Sobota
109,29,Sroda
110,29,Piatek
111,30,Wtorek
112,30,Czwartek
113,31,Wtorek
114,31,Piatek
115,31,Sobota
116,31,Czwartek
117,31,Niedziela
118,31,Poniedzialek
119,32,Piatek
120,32,Wtorek
121,32,Poniedzialek
122,33,Sobota
123,33,Wtorek
124,33,Piatek
125,33,Poniedzialek
126,33,Sroda
127,33,Czwartek
128,34,Poniedzialek
129,34,Piatek
130,34,Czwartek
131,34,Sobota
132,34,Sroda
133,35,Wtorek
134,35,Piatek
135,36,Sroda
136,36,Czwartek
137,36,Poniedzialek
138,36,Sobota
139,36,Niedziela
140,37,Sroda
141,37,Niedziela
142,37,Piatek
143,37,Sobota
144,38,Sobota
145,39,Piatek
146,40,Czwartek
147,40,Niedziela
148,40,Poniedzialek
149,40,Sobota
150,41,Poniedzialek
151,42,Niedziela
152,42,Wtorek
153,42,Piatek
154,42,Czwartek
155,43,Poniedzialek
156,43,Wtorek
157,43,Niedziela
158,43,Sobota
159,43,Sroda
160,43,Piatek
161,44,Piatek
162,44,Sroda
163,44,Wtorek
164,44,Poniedzialek
165,44,Niedziela
166,44,Czwartek
167,44,Sobota
168,45,Piatek
169,45,Sroda
170,45,Czwartek
171,45,Niedziela
172,45,Wtorek
173,46,Wtorek
174,47,Sobota
175,47,Sroda
176,47,Niedziela
177,47,Czwartek
178,47,Poniedzialek
179,48,Wtorek
180,48,Piatek
181,48,Poniedzialek
182,48,Niedziela
183,48,Czwartek
184,49,Poniedzialek
185,49,Niedziela
186,49,Sroda
187,49,Wtorek
188,49,Sobota
189,50,Poniedzialek
190,50,Sroda
191,51,Piatek
192,51,Sobota
193,51,Poniedzialek
194,51,Czwartek
195,51,Wtorek
196,51,Niedziela
197,52,Czwartek
198,52,Wtorek
199,52,Poniedzialek
200,52,Sobota
201,52,Sroda
202,53,Sroda
203,53,Wtorek
204,53,Poniedzialek
205,53,Niedziela
206,53,Czwartek
207,54,Wtorek
208,54,Czwartek
209,54,Poniedzialek
210,54,Piatek
211,54,Sroda
212,54,Sobota
213,54,Niedziela
214,55,Piatek
215,55,Sobota
216,55,Sroda
217,55,Poniedzialek
218,55,Wtorek
219,55,Czwartek
220,55,Niedziela
221,56,Sobota
222,56,Wtorek
223,56,Niedziela
224,56,Poniedzialek
225,56,Czwartek
226,56,Piatek
227,56,Sroda
228,57,Czwartek
229,57,Sroda
230,57,Niedziela
231,57,Piatek
232,57,Poniedzialek
233,57,Wtorek
234,57,Sobota
235,58,Niedziela
236,58,Czwartek
237,58,Poniedzialek
238,58,Sroda
239,58,Wtorek
240,58,Piatek
241,59,Sobota
242,59,Czwartek
243,59,Piatek
244,59,Sroda
245,59,Wtorek
246,59,Poniedzialek
247,60,Czwartek
248,60,Niedziela
249,60,Wtorek
250,61,Sroda
251,61,Poniedzialek
252,61,Czwartek
253,61,Piatek
254,61,Wtorek
255,61,Niedziela
256,61,Sobota
257,62,Wtorek
258,62,Czwartek
259,62,Poniedzialek
260,62,Sobota
261,63,Niedziela
262,63,Piatek
263,64,Czwartek
264,64,Sobota
265,64,Piatek
266,64,Poniedzialek
267,65,Niedziela
268,65,Czwartek
269,65,Wtorek
270,65,Sroda
271,65,Poniedzialek
272,65,Sobota
273,65,Piatek
274,66,Sroda
275,66,Poniedzialek
276,66,Niedziela
277,66,Czwartek
278,67,Wtorek
279,67,Sobota
280,67,Niedziela
281,67,Czwartek
282,67,Poniedzialek
283,67,Piatek
284,68,Niedziela
285,68,Wtorek
286,68,Sroda
287,69,Wtorek
288,69,Sroda
289,69,Poniedzialek
290,69,Piatek
291,69,Niedziela
292,70,Czwartek
293,70,Niedziela
294,70,Poniedzialek
295,70,Sobota
296,71,Piatek
297,71,Sroda
298,71,Czwartek
299,72,Sroda
300,72,Piatek
301,73,Niedziela
302,73,Sroda
303,73,Poniedzialek
304,73,Sobota
305,73,Piatek
306,73,Czwartek
307,74,Niedziela
308,74,Czwartek
309,75,Niedziela
310,76,Czwartek
311,76,Niedziela
312,76,Piatek
313,76,Sobota
314,77,Piatek
315,77,Niedziela
316,78,Wtorek
317,78,Piatek
318,78,Poniedzialek
319,78,Czwartek
320,78,Sobota
321,78,Niedziela
322,79,Sroda
323,79,Wtorek
324,79,Niedziela
325,79,Sobota
326,80,Poniedzialek
327,81,Sroda
328,81,Poniedzialek
329,81,Niedziela
330,81,Czwartek
331,81,Sobota
332,81,Wtorek
333,81,Piatek
334,82,Czwartek
335,82,Niedziela
336,82,Piatek
337,82,Sobota
338,83,Wtorek
339,83,Poniedzialek
340,84,Wtorek
341,84,Poniedzialek
342,84,Sroda
343,85,Sobota
344,85,Wtorek
345,85,Poniedzialek
346,86,Poniedzialek
347,86,Sroda
348,86,Sobota
349,86,Wtorek
350,86,Piatek
351,86,Czwartek
352,87,Wtorek
353,87,Czwartek
354,87,Sroda
355,87,Piatek
356,88,Wtorek
357,88,Sroda
358,88,Niedziela
359,88,Sobota
360,89,Poniedzialek
361,89,Czwartek
362,89,Sroda
363,89,Sobota
364,89,Wtorek
365,89,Niedziela
366,89,Piatek
367,90,Poniedzialek
368,90,Wtorek
369,91,Niedziela
370,92,Poniedzialek
371,92,Niedziela
372,93,Sroda
373,94,Wtorek
374,94,Sroda
375,94,Poniedzialek
376,95,Poniedzialek
377,95,Czwartek
378,95,Wtorek
379,95,Piatek
380,95,Sroda
381,96,Poniedzialek
382,96,Sobota
383,96,Piatek
384,96,Niedziela
385,96,Czwartek
386,96,Wtorek
387,96,Sroda
388,97,Piatek
389,97,Niedziela
390,97,Sobota
391,97,Wtorek
392,98,Wtorek
393,98,Czwartek
394,98,Piatek
395,98,Sobota
396,98,Niedziela
397,98,Poniedzialek
398,99,Poniedzialek
399,99,Niedziela
400,99,Czwartek
401,99,Piatek
402,99,Sobota
403,100,Piatek
404,100,Sobota
405,100,Wtorek
406,100,Sroda
407,100,Czwartek
408,100,Niedziela
409,100,Poniedzialek
410,101,Piatek
411,101,Czwartek
412,101,Niedziela
413,101,Sobota
414,102,Wtorek
415,102,Poniedzialek
416,102,Sobota
417,102,Niedziela
418,102,Piatek
419,103,Poniedzialek
420,103,Wtorek
421,103,Niedziela
422,104,Czwartek
423,104,Piatek
424,105,Sroda
425,105,Sobota
426,106,Poniedzialek
427,106,Piatek
428,106,Sroda
429,106,Sobota
430,106,Niedziela
431,106,Czwartek
432,106,Wtorek
433,107,Poniedzialek
434,107,Sroda
435,107,Sobota
436,108,Piatek
437,108,Poniedzialek
438,108,Sroda
439,108,Sobota
440,108,Wtorek
441,108,Czwartek
442,109,Czwartek
443,110,Czwartek
444,110,Sobota
445,110,Sroda
446,110,Poniedzialek
447,110,Piatek
448,111,Niedziela
449,111,Sroda
450,111,Sobota
451,112,Sobota
452,112,Wtorek
453,113,Poniedzialek
454,113,Czwartek
455,114,Piatek
456,115,Piatek
457,115,Sobota
458,115,Czwartek
459,115,Niedziela
460,115,Wtorek
461,115,Poniedzialek
462,115,Sroda
463,116,Poniedzialek
464,116,Niedziela
465,116,Piatek
466,116,Wtorek
467,117,Piatek
468,117,Czwartek
469,118,Czwartek
470,118,Wtorek
471,118,Niedziela
472,118,Sroda
473,119,Piatek
474,119,Niedziela
475,119,Poniedzialek
476,119,Sobota
477,119,Czwartek
478,119,Sroda
479,120,Wtorek
480,120,Piatek
481,120,Sobota
482,120,Sroda
483,120,Niedziela
484,120,Czwartek
485,120,Poniedzialek
486,121,Poniedzialek
487,122,Poniedzialek
488,122,Czwartek
489,122,Wtorek
490,122,Niedziela
491,122,Piatek
492,122,Sroda
493,122,Sobota
494,123,Sobota
495,123,Piatek
496,123,Poniedzialek
497,123,Wtorek
498,123,Niedziela
499,124,Piatek
500,124,Niedziela
501,125,Wtorek
502,125,Czwartek
503,125,Niedziela
504,126,Niedziela
505,127,Poniedzialek
506,127,Niedziela
507,127,Sobota
508,127,Czwartek
509,127,Sroda
510,127,Piatek
511,128,Wtorek
512,128,Piatek
513,128,Sobota
514,128,Sroda
515,128,Poniedzialek
516,128,Niedziela
517,129,Sobota
518,130,Poniedzialek
519,130,Niedziela
520,130,Piatek
521,131,Sroda
522,131,Niedziela
523,131,Poniedzialek
524,132,Czwartek
525,132,Wtorek
526,132,Niedziela
527,132,Piatek
528,132,Sroda
529,132,Sobota
530,132,Poniedzialek
531,133,Wtorek
532,133,Czwartek
533,133,Piatek
534,133,Sobota
535,133,Niedziela
536,133,Poniedzialek
537,134,Piatek
538,134,Wtorek
539,134,Sroda
540,134,Czwartek
541,134,Niedziela
542,134,Sobota
543,135,Niedziela
544,135,Sobota
545,135,Sroda
546,136,Sroda
547,136,Piatek
548,136,Czwartek
549,136,Niedziela
550,136,Sobota
551,136,Wtorek
552,137,Czwartek
553,138,Poniedzialek
554,138,Piatek
555,138,Czwartek
556,138,Wtorek
557,139,Wtorek
558,140,Czwartek
559,140,Niedziela
560,141,Czwartek
561,141,Sroda
562,141,Niedziela
563,142,Piatek
564,143,Sobota
565,143,Wtorek
566,143,Sroda
567,144,Sobota
568,144,Sroda
569,144,Poniedzialek
570,144,Niedziela
571,144,Wtorek
572,144,Czwartek
573,144,Piatek
574,145,Niedziela
575,146,Czwartek
576,146,Wtorek
577,146,Niedziela
578,146,Poniedzialek
579,146,Sroda
580,147,Piatek
581,148,Wtorek
582,148,Sroda
583,149,Piatek
584,149,Poniedzialek
585,149,Niedziela
586,149,Sroda
587,149,Czwartek
588,150,Piatek
589,150,Niedziela
590,150,Czwartek
591,150,Sroda
592,151,Piatek
593,151,Sobota
594,151,Wtorek
595,152,Sroda
596,153,Poniedzialek
597,154,Sobota
598,155,Niedziela
599,155,Sobota
600,155,Sroda
601,155,Piatek
602,156,Sroda
603,156,Czwartek
604,156,Wtorek
605,156,Poniedzialek
606,157,Niedziela
607,157,Piatek
608,158,Piatek
609,158,Sroda
610,158,Niedziela
611,159,Wtorek
612,159,Niedziela
613,160,Sroda
614,161,Sroda
615,161,Piatek
616,161,Czwartek
617,161,Niedziela
618,161,Poniedzialek
619,161,Sobota
620,162,Niedziela
621,162,Wtorek
622,162,Sroda
623,162,Piatek
624,162,Poniedzialek
625,162,Sobota
626,163,Czwartek
627,164,Piatek
628,165,Sobota
629,165,Piatek
630,165,Niedziela
631,166,Sroda
632,166,Sobota
633,166,Poniedzialek
634,166,Niedziela
635,166,Czwartek
636,166,Wtorek
637,167,Czwartek
638,167,Niedziela
639,167,Poniedzialek
640,168,Sobota
641,168,Poniedzialek
642,169,Piatek
643,170,Niedziela
644,170,Piatek
645,170,Czwartek
646,170,Sroda
647,170,Wtorek
648,171,Sroda
649,171,Niedziela
650,171,Wtorek
651,171,Piatek
652,171,Poniedzialek
653,171,Sobota
654,172,Piatek
655,172,Sobota
656,173,Sobota
657,173,Poniedzialek
658,173,Wtorek
659,173,Niedziela
660,173,Piatek
661,173,Sroda
662,174,Wtorek
663,174,Piatek
664,174,Sobota
665,174,Niedziela
666,174,Czwartek
667,174,Poniedzialek
668,175,Sroda
669,175,Poniedzialek
670,175,Piatek
671,175,Niedziela
672,175,Czwartek
673,175,Sobota
674,175,Wtorek
675,176,Czwartek
676,176,Poniedzialek
677,176,Sroda
678,177,Piatek
679,177,Wtorek
680,178,Sobota
681,178,Piatek
682,178,Czwartek
683,178,Sroda
684,178,Wtorek
685,178,Poniedzialek
686,179,Sobota
687,179,Piatek
688,179,Poniedzialek
689,179,Sroda
690,180,Piatek
691,180,Sobota
692,180,Poniedzialek
693,180,Wtorek
694,181,Wtorek
695,181,Sroda
696,181,Sobota
697,181,Piatek
698,181,Poniedzialek
699,182,Czwartek
700,183,Sroda
701,183,Czwartek
702,183,Wtorek
703,183,Poniedzialek
704,183,Niedziela
705,184,Poniedzialek
706,184,Wtorek
707,184,Sobota
708,184,Piatek
709,184,Sroda
710,184,Czwartek
711,184,Niedziela
712,185,Piatek
713,185,Czwartek
714,185,Sobota
715,185,Sroda
716,185,Wtorek
717,185,Niedziela
718,186,Wtorek
719,186,Poniedzialek
720,186,Niedziela
721,186,Sroda
722,186,Piatek
723,187,Sroda
724,187,Poniedzialek
725,187,Piatek
726,187,Sobota
727,187,Czwartek
728,188,Sobota
729,188,Czwartek
730,188,Sroda
731,188,Wtorek
732,188,Niedziela
733,188,Piatek
734,188,Poniedzialek
735,189,Poniedzialek
736,189,Wtorek
737,189,Niedziela
738,189,Piatek
739,190,Wtorek
740,190,Niedziela
741,190,Czwartek
742,190,Sobota
743,191,Wtorek
744,192,Sroda
745,192,Czwartek
746,192,Niedziela
747,193,Sroda
748,193,Czwartek
749,193,Piatek
750,193,Poniedzialek
751,193,Wtorek
752,193,Niedziela
753,193,Sobota
754,194,Piatek
755,194,Sroda
756,194,Wtorek
757,194,Poniedzialek
758,194,Niedziela
759,194,Czwartek
760,194,Sobota
761,195,Niedziela
762,195,Sobota
763,195,Poniedzialek
764,195,Sroda
765,195,Czwartek
766,195,Wtorek
767,195,Piatek
768,196,Niedziela
769,196,Sroda
770,196,Poniedzialek
771,196,Sobota
772,196,Czwartek
773,196,Piatek
774,197,Piatek
775,197,Czwartek
776,197,Niedziela
777,197,Poniedzialek
778,197,Sroda
779,197,Wtorek
780,197,Sobota
781,198,Sobota
782,198,Czwartek
783,198,Poniedzialek
784,199,Czwartek
785,199,Sobota
786,199,Poniedzialek
787,199,Piatek
788,199,Wtorek
789,200,Sobota
790,200,Poniedzialek
791,200,Wtorek
792,200,Piatek
793,200,Niedziela
794,201,Piatek
795,201,Wtorek
796,201,Czwartek
797,201,Niedziela
798,201,Sroda
799,201,Poniedzialek
800,201,Sobota
801,202,Niedziela
802,203,Poniedzialek
803,203,Wtorek
804,203,Czwartek
805,203,Sroda
806,204,Sroda
807,205,Piatek
808,205,Wtorek
809,205,Sroda
810,205,Sobota
811,205,Czwartek
812,206,Sobota
813,206,Czwartek
814,206,Poniedzialek
815,206,Wtorek
816,207,Czwartek
817,207,Sobota
818,207,Piatek
819,207,Poniedzialek
820,208,Sroda
821,208,Wtorek
822,209,Piatek
823,210,Sroda
824,211,Niedziela
825,211,Sobota
826,211,Poniedzialek
827,211,Sroda
828,212,Poniedzialek
829,212,Czwartek
830,212,Sroda
831,213,Niedziela
832,213,Piatek
833,213,Poniedzialek
834,213,Sroda
835,214,Sroda
836,214,Czwartek
837,214,Sobota
838,214,Poniedzialek
839,215,Niedziela
840,215,Poniedzialek
841,215,Sobota
842,215,Czwartek
843,215,Piatek
844,215,Wtorek
845,216,Piatek
846,216,Sroda
847,216,Niedziela
848,216,Sobota
849,217,Czwartek
850,217,Poniedzialek
851,218,Sroda
852,218,Poniedzialek
853,218,Wtorek
854,218,Sobota
855,218,Niedziela
856,218,Czwartek
857,218,Piatek
858,219,Wtorek
859,219,Sobota
860,219,Czwartek
861,219,Poniedzialek
862,219,Niedziela
863,219,Piatek
864,219,Sroda
865,220,Niedziela
866,220,Czwartek
867,220,Piatek
868,220,Wtorek
869,220,Sroda
870,220,Sobota
871,221,Czwartek
872,221,Sobota
873,222,Poniedzialek
874,222,Czwartek
875,222,Wtorek
876,223,Poniedzialek
877,224,Piatek
878,224,Poniedzialek
879,225,Sobota
880,226,Poniedzialek
881,226,Niedziela
882,227,Sroda
883,227,Piatek
884,227,Wtorek
885,227,Niedziela
886,227,Poniedzialek
887,227,Sobota
888,227,Czwartek
889,228,Wtorek
890,228,Niedziela
891,228,Poniedzialek
892,229,Sroda
893,229,Wtorek
894,229,Niedziela
895,229,Poniedzialek
896,229,Piatek
897,229,Sobota
898,230,Sobota
899,230,Wtorek
900,230,Poniedzialek
901,230,Czwartek
902,231,Piatek
903,231,Poniedzialek
904,232,Piatek
905,232,Niedziela
906,232,Poniedzialek
907,232,Czwartek
908,232,Sobota
909,232,Wtorek
910,232,Sroda
911,233,Sobota
912,233,Sroda
913,233,Piatek
914,233,Poniedzialek
915,233,Czwartek
916,233,Niedziela
917,234,Niedziela
918,234,Wtorek
919,234,Poniedzialek
920,234,Piatek
921,235,Czwartek
922,235,Piatek
923,235,Poniedzialek
924,236,Poniedzialek
925,236,Piatek
926,236,Czwartek
927,236,Niedziela
928,236,Wtorek
929,236,Sobota
930,236,Sroda
931,237,Sobota
932,237,Czwartek
933,237,Poniedzialek
934,237,Piatek
935,237,Niedziela
936,237,Wtorek
937,237,Sroda
938,238,Czwartek
939,238,Sroda
940,239,Czwartek
941,239,Wtorek
942,239,Sobota
943,239,Piatek
944,239,Poniedzialek
945,239,Sroda
946,240,Czwartek
947,240,Sroda
948,241,Sroda
949,241,Wtorek
950,241,Poniedzialek
951,241,Czwartek
952,241,Niedziela
953,241,Sobota
954,242,Sobota
955,242,Poniedzialek
956,242,Niedziela
957,242,Piatek
958,243,Sroda
959,244,Wtorek
960,244,Sobota
961,244,Sroda
962,244,Piatek
963,244,Poniedzialek
964,244,Niedziela
965,244,Czwartek
966,245,Czwartek
967,245,Poniedzialek
968,245,Sroda
969,245,Wtorek
970,245,Niedziela
971,245,Sobota
972,246,Wtorek
973,246,Poniedzialek
974,246,Czwartek
975,246,Sroda
976,247,Poniedzialek
977,247,Czwartek
978,247,Wtorek
979,247,Niedziela
980,247,Piatek
981,248,Sroda
982,248,Sobota
983,248,Piatek
984,248,Niedziela
985,249,Niedziela
986,249,Piatek
987,249,Sroda
988,249,Sobota
989,249,Czwartek
990,249,Poniedzialek
991,250,Niedziela
992,250,Czwartek
993,250,Piatek
994,250,Poniedzialek
995,250,Sroda
996,250,Wtorek
997,251,Wtorek
998,251,Poniedzialek
999,252,Niedziela
1000,252,Sroda
1001,252,Piatek
1002,252,Wtorek
1003,252,Sobota
1004,252,Czwartek
1005,253,Sroda
1006,254,Poniedzialek
1007,254,Sroda
1008,254,Wtorek
1009,255,Wtorek
1010,255,Niedziela
1011,255,Poniedzialek
1012,256,Sobota
1013,256,Wtorek
1014,257,Sroda
1015,258,Czwartek
1016,258,Piatek
1017,258,Wtorek
1018,258,Sobota
1019,258,Sroda
1020,259,Niedziela
1021,259,Poniedzialek
1022,260,Piatek
1023,260,Poniedzialek
1024,260,Wtorek
1025,260,Sroda
1026,261,Sroda
1027,261,Wtorek
1028,262,Sroda
1029,262,Wtorek
1030,262,Sobota
1031,263,Sroda
1032,263,Czwartek
1033,264,Czwartek
1034,265,Wtorek
1035,266,Piatek
1036,266,Czwartek
1037,266,Wtorek
1038,267,Piatek
1039,267,Sroda
1040,267,Niedziela
1041,267,Czwartek
1042,268,Czwartek
1043,268,Sobota
1044,268,Sroda
1045,268,Niedziela
1046,268,Poniedzialek
1047,269,Poniedzialek
1048,269,Piatek
1049,269,Sroda
1050,269,Wtorek
1051,270,Wtorek
1052,270,Sobota
1053,270,Czwartek
1054,270,Sroda
1055,270,Piatek
1056,270,Niedziela
1057,270,Poniedzialek
1058,271,Czwartek
1059,272,Sroda
1060,272,Piatek
1061,272,Wtorek
1062,272,Niedziela
1063,273,Poniedzialek
1064,273,Czwartek
1065,273,Piatek
1066,273,Wtorek
1067,274,Czwartek
1068,274,Niedziela
1069,274,Sroda
1070,274,Poniedzialek
1071,274,Wtorek
1072,275,Piatek
1073,275,Poniedzialek
1074,276,Niedziela
1075,276,Sroda
1076,276,Piatek
1077,276,Sobota
1078,276,Wtorek
1079,276,Czwartek
1080,276,Poniedzialek
1081,277,Wtorek
1082,277,Sobota
1083,277,Czwartek
1084,277,Niedziela
1085,277,Poniedzialek
1086,277,Sroda
1087,278,Niedziela
1088,278,Wtorek
1089,278,Sroda
1090,278,Czwartek
1091,278,Poniedzialek
1092,279,Poniedzialek
1093,279,Sroda
1094,279,Sobota
1095,279,Czwartek
1096,279,Wtorek
1097,280,Poniedzialek
1098,280,Niedziela
1099,280,Wtorek
1100,280,Czwartek
1101,280,Sroda
1102,280,Piatek
1103,281,Niedziela
1104,281,Piatek
1105,282,Poniedzialek
1106,282,Sobota
1107,282,Sroda
1108,282,Niedziela
1109,283,Niedziela
1110,283,Poniedzialek
1111,283,Piatek
1112,283,Wtorek
1113,283,Czwartek
1114,283,Sroda
1115,283,Sobota
1116,284,Piatek
1117,284,Wtorek
1118,284,Sroda
1119,284,Czwartek
1120,285,Poniedzialek
1121,286,Sobota
1122,286,Poniedzialek
1123,286,Piatek
1124,287,Piatek
1125,287,Wtorek
1126,288,Czwartek
1127,289,Wtorek
1128,289,Czwartek
1129,289,Piatek
1130,289,Sroda
1131,289,Niedziela
1132,289,Sobota
1133,289,Poniedzialek
1134,290,Wtorek
1135,290,Piatek
1136,290,Sobota
1137,291,Poniedzialek
1138,291,Sobota
1139,291,Czwartek
1140,291,Sroda
1141,292,Wtorek
1142,292,Sobota
1143,292,Czwartek
1144,292,Piatek
1145,293,Piatek
1146,293,Sroda
1147,293,Poniedzialek
1148,293,Sobota
1149,293,Wtorek
1150,293,Niedziela
1151,294,Czwartek
1152,294,Piatek
1153,294,Sroda
1154,294,Sobota
1155,294,Wtorek
1156,294,Poniedzialek
1157,295,Wtorek
1158,295,Sobota
1159,295,Sroda
1160,295,Niedziela
1161,295,Poniedzialek
1162,295,Czwartek
1163,296,Niedziela
1164,296,Czwartek
1165,297,Czwartek
1166,297,Poniedzialek
1167,298,Sobota
1168,298,Sroda
1169,298,Piatek
1170,298,Czwartek
1171,298,Niedziela
1172,298,Wtorek
1173,299,Poniedzialek
1174,299,Piatek
1175,299,Czwartek
1176,300,Wtorek
1177,300,Sroda
1178,301,Czwartek
1179,301,Sroda
1180,301,Wtorek
1181,301,Piatek
1182,301,Niedziela
1183,301,Poniedzialek
1184,302,Niedziela
1185,302,Sroda
1186,302,Poniedzialek
1187,302,Piatek
1188,302,Wtorek
1189,302,Czwartek
1190,303,Wtorek
1191,303,Sobota
1192,303,Poniedzialek
1193,303,Niedziela
1194,303,Piatek
1195,303,Sroda
1196,303,Czwartek
1197,304,Sroda
1198,304,Niedziela
1199,304,Wtorek
1200,305,Sobota
1201,305,Sroda
1202,305,Wtorek
1203,305,Czwartek
1204,305,Niedziela
1205,305,Poniedzialek
1206,306,Czwartek
1207,307,Wtorek
1208,307,Piatek
1209,307,Poniedzialek
1210,307,Czwartek
1211,307,Sobota
1212,307,Niedziela
1213,308,Sroda
1214,308,Piatek
1215,308,Poniedzialek
1216,308,Czwartek
1217,309,Sroda
1218,309,Czwartek
1219,309,Poniedzialek
1220,309,Piatek
1221,309,Niedziela
1222,309,Sobota
1223,309,Wtorek
1224,310,Sobota
1225,310,Sroda
1226,310,Niedziela
1227,310,Wtorek
1228,311,Czwartek
1229,311,Niedziela
1230,312,Niedziela
1231,312,Czwartek
1232,312,Sroda
1233,312,Wtorek
1234,312,Sobota
1235,312,Poniedzialek
1236,312,Piatek
1237,313,Poniedzialek
1238,313,Piatek
1239,313,Czwartek
1240,313,Niedziela
1241,313,Wtorek
1242,314,Czwartek
1243,314,Sobota
1244,314,Poniedzialek
1245,314,Sroda
1246,315,Sroda
1247,316,Sroda
1248,316,Piatek
1249,316,Wtorek
1250,316,Niedziela
1251,316,Sobota
1252,316,Czwartek
1253,317,Wtorek
1254,317,Piatek
1255,317,Sroda
1256,317,Niedziela
1257,317,Poniedzialek
1258,317,Czwartek
1259,318,Czwartek
1260,318,Sobota
1261,318,Niedziela
1262,318,Poniedzialek
1263,319,Czwartek
1264,319,Piatek
1265,319,Wtorek
1266,319,Poniedzialek
1267,319,Sroda
1268,319,Niedziela
1269,320,Niedziela
1270,320,Poniedzialek
1271,320,Czwartek
1272,320,Piatek
1273,320,Wtorek
1274,320,Sroda
1275,321,Piatek
1276,321,Sobota
1277,321,Niedziela
1278,321,Wtorek
1279,321,Sroda
1280,322,Czwartek
1281,322,Wtorek
1282,322,Niedziela
1283,322,Sroda
1284,322,Sobota
1285,322,Poniedzialek
1286,323,Piatek
1287,323,Wtorek
1288,323,Poniedzialek
1289,324,Wtorek
1290,324,Poniedzialek
1291,324,Czwartek
1292,324,Niedziela
1293,324,Sobota
1294,324,Piatek
1295,324,Sroda
1296,325,Czwartek
1297,326,Piatek
1298,326,Poniedzialek
1299,326,Sroda
1300,326,Niedziela
1301,326,Czwartek
1302,326,Sobota
1303,327,Piatek
1304,327,Sobota
1305,327,Niedziela
1306,327,Sroda
1307,327,Wtorek
1308,327,Czwartek
1309,327,Poniedzialek
1310,328,Niedziela
1311,328,Sroda
1312,328,Poniedzialek
1313,328,Wtorek
1314,328,Sobota
1315,329,Czwartek
1316,330,Poniedzialek
1317,330,Piatek
1318,331,Sobota
1319,331,Piatek
1320,331,Niedziela
1321,331,Wtorek
1322,331,Poniedzialek
1323,332,Sobota
1324,333,Wtorek
1325,333,Poniedzialek
1326,333,Sobota
1327,333,Sroda
1328,334,Sobota
1329,335,Niedziela
1330,335,Wtorek
1331,335,Poniedzialek
1332,335,Czwartek
1333,335,Sobota
1334,335,Sroda
1335,336,Niedziela
1336,337,Wtorek
1337,337,Sobota
1338,337,Niedziela
1339,337,Poniedzialek
1340,338,Wtorek
1341,338,Niedziela
1342,338,Sroda
1343,338,Poniedzialek
1344,338,Czwartek
1345,339,Czwartek
1346,339,Sobota
1347,339,Piatek
1348,339,Wtorek
1349,340,Niedziela
1350,340,Sobota
1351,340,Poniedzialek
1352,341,Poniedzialek
1353,341,Niedziela
1354,341,Piatek
1355,341,Sobota
1356,342,Sobota
1357,342,Poniedzialek
1358,342,Piatek
1359,342,Niedziela
1360,342,Czwartek
1361,342,Wtorek
1362,342,Sroda
1363,343,Sroda
1364,343,Niedziela
1365,343,Piatek
1366,343,Sobota
1367,344,Niedziela
1368,344,Piatek
1369,345,Sroda
1370,345,Wtorek
1371,345,Sobota
1372,345,Niedziela
1373,345,Piatek
1374,345,Czwartek
1375,345,Poniedzialek
1376,346,Poniedzialek
1377,346,Sobota
1378,346,Niedziela
1379,346,Sroda
1380,347,Czwartek
1381,347,Poniedzialek
1382,347,Sobota
1383,348,Sroda
1384,348,Poniedzialek
1385,348,Piatek
1386,348,Czwartek
1387,348,Wtorek
1388,349,Niedziela
1389,350,Wtorek
1390,350,Sobota
1391,350,Sroda
1392,350,Poniedzialek
1393,350,Niedziela
1394,350,Piatek
1395,350,Czwartek
1396,351,Sroda
1397,351,Sobota
1398,351,Wtorek
1399,351,Poniedzialek
1400,352,Sroda
1401,352,Poniedzialek
1402,352,Czwartek
1403,352,Piatek
1404,352,Wtorek
1405,352,Niedziela
1406,353,Poniedzialek
1407,354,Niedziela
1408,354,Sobota
1409,355,Czwartek
1410,355,Wtorek
1411,355,Sroda
1412,355,Sobota
1413,355,Poniedzialek
1414,355,Piatek
1415,355,Niedziela
1416,356,Poniedzialek
1417,356,Niedziela
1418,356,Piatek
1419,356,Czwartek
1420,356,Sobota
1421,357,Poniedzialek
1422,357,Niedziela
1423,357,Sroda
1424,357,Sobota
1425,357,Piatek
1426,357,Czwartek
1427,357,Wtorek
1428,358,Wtorek
1429,358,Czwartek
1430,358,Niedziela
1431,358,Poniedzialek
1432,358,Sroda
1433,358,Sobota
1434,359,Sobota
1435,360,Wtorek
1436,360,Sroda
1437,361,Poniedzialek
1438,361,Sobota
1439,362,Piatek
1440,362,Sroda
1441,362,Czwartek
1442,362,Niedziela
1443,362,Sobota
1444,363,Piatek
1445,363,Sroda
1446,363,Wtorek
1447,363,Sobota
1448,363,Czwartek
1449,363,Poniedzialek
1450,363,Niedziela
1451,364,Niedziela
1452,364,Wtorek
1453,364,Piatek
1454,364,Poniedzialek
1455,365,Wtorek
1456,365,Piatek
1457,365,Sobota
1458,365,Niedziela
1459,365,Sroda
1460,365,Poniedzialek
1461,366,Niedziela
1462,366,Sroda
1463,366,Wtorek
1464,366,Piatek
1465,367,Wtorek
1466,367,Piatek
1467,367,Sobota
1468,367,Poniedzialek
1469,367,Sroda
1470,367,Niedziela
1471,368,Sobota
1472,368,Piatek
1473,368,Wtorek
1474,369,Poniedzialek
1475,370,Poniedzialek
1476,370,Wtorek
1477,371,Poniedzialek
1478,371,Wtorek
1479,372,Piatek
1480,372,Sroda
1481,372,Sobota
1482,372,Wtorek
1483,373,Wtorek
1484,373,Niedziela
1485,373,Czwartek
1486,373,Poniedzialek
1487,373,Piatek
1488,373,Sroda
1489,373,Sobota
1490,374,Niedziela
1491,374,Piatek
1492,374,Sroda
1493,374,Wtorek
1494,374,Poniedzialek
1495,375,Czwartek
1496,376,Czwartek
1497,376,Niedziela
1498,376,Wtorek
1499,377,Poniedzialek
1500,378,Poniedzialek
1501,378,Czwartek
1502,378,Sobota
1503,378,Niedziela
1504,379,Sroda
1505,379,Sobota
1506,379,Piatek
1507,379,Niedziela
1508,379,Poniedzialek
1509,379,Czwartek
1510,380,Wtorek
1511,380,Niedziela
1512,380,Sobota
1513,380,Czwartek
1514,380,Poniedzialek
1515,380,Sroda
1516,380,Piatek
1517,381,Sroda
1518,381,Piatek
1519,381,Sobota
1520,381,Wtorek
1521,382,Sobota
1522,383,Poniedzialek
1523,383,Wtorek
1524,383,Sroda
1525,383,Czwartek
1526,383,Niedziela
1527,384,Poniedzialek
1528,384,Czwartek
1529,384,Wtorek
1530,384,Sobota
1531,385,Piatek
1532,385,Sroda
1533,385,Niedziela
1534,385,Wtorek
1535,385,Czwartek
1536,385,Sobota
1537,386,Wtorek
1538,386,Czwartek
1539,386,Piatek
1540,386,Sroda
1541,386,Niedziela
1542,386,Sobota
1543,387,Sroda
1544,387,Poniedzialek
1545,387,Sobota
1546,387,Wtorek
1547,388,Sroda
1548,388,Sobota
1549,388,Niedziela
1550,388,Wtorek
1551,388,Poniedzialek
1552,388,Czwartek
1553,389,Sobota
1554,389,Poniedzialek
1555,389,Czwartek
1556,389,Piatek
1557,390,Sobota
1558,390,Czwartek
1559,390,Niedziela
1560,390,Poniedzialek
1561,390,Piatek
1562,390,Wtorek
1563,391,Wtorek
1564,391,Czwartek
1565,391,Sroda
1566,392,Wtorek
1567,392,Piatek
1568,393,Wtorek
1569,393,Sroda
1570,393,Niedziela
1571,393,Sobota
1572,393,Czwartek
1573,393,Poniedzialek
1574,393,Piatek
1575,394,Sroda
1576,394,Niedziela
1577,395,Wtorek
1578,395,Piatek
1579,395,Czwartek
1580,395,Niedziela
1581,395,Sroda
1582,395,Poniedzialek
1583,395,Sobota
1584,396,Wtorek
1585,396,Sobota
1586,396,Sroda
1587,396,Piatek
1588,396,Poniedzialek
1589,397,Wtorek
1590,397,Sroda
1591,397,Niedziela
1592,397,Czwartek
1593,397,Sobota
1594,398,Czwartek
1595,398,Niedziela
1596,398,Wtorek
1597,398,Sobota
1598,399,Sroda
1599,400,Niedziela
1600,400,Czwartek
1601,400,Poniedzialek
1602,401,Czwartek
1603,401,Poniedzialek
1604,401,Niedziela
1605,401,Sobota
1606,401,Piatek
1607,402,Piatek
1608,402,Czwartek
1609,402,Sobota
1610,403,Wtorek
1611,404,Piatek
1612,404,Czwartek
1613,405,Niedziela
1614,405,Sobota
1615,406,Piatek
1616,406,Czwartek
1617,406,Niedziela
1618,406,Wtorek
1619,406,Sobota
1620,407,Sroda
1621,407,Wtorek
1622,407,Sobota
1623,407,Piatek
1624,407,Poniedzialek
1625,407,Czwartek
1626,408,Piatek
1627,409,Poniedzialek
1628,409,Niedziela
1629,409,Sroda
1630,409,Czwartek
1631,410,Wtorek
1632,411,Niedziela
1633,412,Sroda
1634,412,Czwartek
1635,412,Piatek
1636,412,Niedziela
1637,412,Wtorek
1638,413,Poniedzialek
1639,413,Czwartek
1640,413,Sobota
1641,413,Sroda
1642,413,Niedziela
1643,413,Wtorek
1644,413,Piatek
1645,414,Piatek
1646,414,Wtorek
1647,414,Czwartek
1648,414,Niedziela
1649,414,Sobota
1650,414,Poniedzialek
1651,414,Sroda
1652,415,Piatek
1653,415,Poniedzialek
1654,416,Niedziela
1655,416,Sobota
1656,416,Wtorek
1657,416,Poniedzialek
1658,416,Piatek
1659,416,Czwartek
1660,416,Sroda
1661,417,Poniedzialek
1662,417,Czwartek
1663,417,Niedziela
1664,417,Sroda
1665,417,Wtorek
1666,417,Piatek
1667,418,Czwartek
1668,418,Poniedzialek
1669,418,Sroda
1670,418,Sobota
1671,418,Niedziela
1672,419,Wtorek
1673,420,Sobota
1674,421,Sobota
1675,421,Wtorek
1676,421,Piatek
1677,421,Niedziela
1678,422,Wtorek
1679,422,Piatek
1680,422,Sroda
1681,422,Niedziela
1682,422,Poniedzialek
1683,423,Sroda
1684,423,Poniedzialek
1685,423,Wtorek
1686,423,Piatek
1687,423,Niedziela
1688,423,Czwartek
1689,423,Sobota
1690,424,Sroda
1691,424,Poniedzialek
1692,424,Sobota
1693,425,Sroda
1694,425,Piatek
1695,425,Czwartek
1696,425,Wtorek
1697,425,Sobota
1698,426,Wtorek
1699,426,Niedziela
1700,426,Poniedzialek
1701,426,Sroda
1702,426,Czwartek
1703,427,Poniedzialek
1704,427,Wtorek
1705,427,Sobota
1706,427,Piatek
1707,427,Czwartek
1708,427,Sroda
1709,428,Niedziela
1710,428,Czwartek
1711,428,Poniedzialek
1712,428,Piatek
1713,428,Sobota
1714,429,Czwartek
1715,429,Piatek
1716,429,Sobota
1717,430,Niedziela
1718,430,Sobota
1719,430,Wtorek
1720,430,Czwartek
1721,430,Piatek
1722,431,Czwartek
1723,431,Wtorek
1724,432,Czwartek
1725,432,Wtorek
1726,432,Piatek
1727,433,Sobota
1728,433,Poniedzialek
1729,433,Piatek
1730,433,Sroda
1731,433,Niedziela
1732,434,Poniedzialek
1733,434,Sroda
1734,434,Sobota
1735,435,Czwartek
1736,435,Niedziela
1737,435,Poniedzialek
1738,435,Piatek
1739,435,Sroda
1740,435,Wtorek
1741,436,Piatek
1742,436,Wtorek
1743,436,Poniedzialek
1744,436,Sobota
1745,436,Sroda
1746,436,Niedziela
1747,436,Czwartek
1748,437,Sobota
1749,437,Czwartek
1750,437,Sroda
1751,437,Niedziela
1752,438,Sroda
1753,438,Piatek
1754,439,Sroda
1755,439,Niedziela
1756,439,Wtorek
1757,440,Poniedzialek
1758,440,Sobota
1759,440,Wtorek
1760,441,Piatek
1761,441,Poniedzialek
1762,442,Piatek
1763,442,Niedziela
1764,442,Sroda
1765,442,Sobota
1766,442,Wtorek
1767,442,Czwartek
1768,443,Sroda
1769,443,Piatek
1770,443,Wtorek
1771,443,Niedziela
1772,444,Niedziela
1773,444,Sobota
1774,444,Wtorek
1775,444,Sroda
1776,444,Piatek
1777,444,Czwartek
1778,444,Poniedzialek
1779,445,Piatek
1780,445,Poniedzialek
1781,445,Czwartek
1782,445,Sobota
1783,446,Sroda
1784,446,Czwartek
1785,446,Niedziela
1786,446,Sobota
1787,447,Poniedzialek
1788,447,Niedziela
1789,447,Czwartek
1790,447,Wtorek
1791,447,Sobota
1792,448,Czwartek
1793,448,Piatek
1794,448,Wtorek
1795,448,Poniedzialek
1796,448,Niedziela
1797,448,Sroda
1798,449,Wtorek
1799,450,Sroda
1800,450,Czwartek
1801,451,Sroda
1802,451,Niedziela
1803,451,Wtorek
1804,451,Czwartek
1805,451,Piatek
1806,452,Wtorek
1807,452,Sroda
1808,452,Piatek
1809,452,Sobota
1810,452,Niedziela
1811,452,Poniedzialek
1812,452,Czwartek
1813,453,Czwartek
1814,453,Piatek
1815,453,Sroda
1816,454,Sobota
1817,454,Piatek
1818,454,Czwartek
1819,455,Sroda
1820,455,Poniedzialek
1821,455,Piatek
1822,455,Czwartek
1823,455,Niedziela
1824,456,Czwartek
1825,456,Sobota
1826,456,Wtorek
1827,456,Poniedzialek
1828,457,Niedziela
1829,457,Czwartek
1830,457,Piatek
1831,457,Wtorek
1832,457,Poniedzialek
1833,458,Sobota
1834,458,Niedziela
1835,458,Poniedzialek
1836,459,Sroda
1837,459,Czwartek
1838,459,Niedziela
1839,460,Poniedzialek
1840,460,Sroda
1841,460,Wtorek
1842,461,Wtorek
1843,461,Piatek
1844,461,Niedziela
1845,462,Wtorek
1846,462,Poniedzialek
1847,463,Czwartek
1848,463,Poniedzialek
1849,463,Niedziela
1850,464,Piatek
1851,464,Czwartek
1852,464,Niedziela
1853,464,Wtorek
1854,465,Sroda
1855,466,Piatek
1856,466,Czwartek
1857,467,Czwartek
1858,467,Wtorek
1859,467,Piatek
1860,468,Sobota
1861,468,Poniedzialek
1862,469,Czwartek
1863,469,Poniedzialek
1864,469,Wtorek
1865,469,Sroda
1866,469,Sobota
1867,470,Sobota
1868,470,Sroda
1869,470,Piatek
1870,470,Niedziela
1871,471,Niedziela
1872,471,Piatek
1873,471,Sobota
1874,471,Poniedzialek
1875,471,Sroda
1876,472,Piatek
1877,472,Wtorek
1878,472,Poniedzialek
1879,472,Sobota
1880,472,Czwartek
1881,472,Niedziela
1882,473,Sobota
1883,474,Niedziela
1884,474,Piatek
1885,474,Wtorek
1886,474,Czwartek
1887,474,Sobota
1888,474,Poniedzialek
1889,475,Wtorek
1890,475,Piatek
1891,476,Sroda
1892,476,Niedziela
1893,476,Czwartek
1894,476,Piatek
1895,476,Wtorek
1896,476,Poniedzialek
1897,476,Sobota
1898,477,Poniedzialek
1899,477,Sobota
1900,477,Niedziela
1901,478,Czwartek
1902,478,Niedziela
1903,478,Piatek
1904,478,Sroda
1905,478,Sobota
1906,479,Sobota
1907,479,Niedziela
1908,480,Sobota
1909,480,Piatek
1910,481,Czwartek
1911,482,Piatek
1912,483,Piatek
1913,483,Wtorek
1914,484,Poniedzialek
1915,484,Niedziela
1916,484,Sroda
1917,485,Czwartek
1918,485,Sroda
1919,486,Piatek
1920,486,Wtorek
1921,486,Czwartek
1922,486,Niedziela
1923,486,Poniedzialek
1924,487,Poniedzialek
1925,487,Sobota
1926,487,Wtorek
1927,487,Czwartek
1928,488,Poniedzialek
1929,489,Piatek
1930,489,Sroda
1931,490,Piatek
1932,490,Sobota
1933,491,Wtorek
1934,491,Niedziela
1935,491,Piatek
1936,491,Sroda
1937,491,Poniedzialek
1938,491,Sobota
1939,491,Czwartek
1940,492,Piatek
1941,492,Poniedzialek
1942,492,Czwartek
1943,492,Sroda
1944,493,Piatek
1945,493,Sroda
1946,493,Sobota
1947,493,Wtorek
1948,494,Niedziela
1949,494,Piatek
1950,494,Czwartek
1951,495,Sroda
1952,495,Czwartek
1953,495,Sobota
1954,496,Wtorek
1955,496,Piatek
1956,496,Sobota
1957,496,Niedziela
1958,496,Czwartek
1959,497,Poniedzialek
1960,497,Niedziela
1961,497,Piatek
1962,497,Sroda
1963,498,Poniedzialek
1964,498,Wtorek
1965,498,Czwartek
1966,498,Sroda
1967,498,Piatek
1968,498,Niedziela
1969,499,Sobota
1970,499,Czwartek
1971,499,Poniedzialek
1972,500,Wtorek
1973,500,Sroda
1974,500,Piatek
1975,500,Czwartek
1976,501,Wtorek
1977,501,Czwartek
1978,501,Sroda
1979,501,Niedziela
1980,501,Piatek
1981,502,Sroda
1982,502,Sobota
1983,502,Czwartek
1984,502,Poniedzialek
1985,503,Czwartek
1986,503,Sroda
1987,503,Niedziela
1988,504,Niedziela
1989,504,Poniedzialek
1990,504,Czwartek
1991,504,Wtorek
1992,504,Sroda
1993,504,Piatek
1994,504,Sobota
1995,505,Niedziela
1996,505,Sroda
1997,505,Piatek
1998,505,Czwartek
1999,505,Wtorek
2000,506,Sobota
2001,506,Czwartek
2002,506,Poniedzialek
2003,506,Piatek
2004,506,Wtorek
2005,507,Sroda
2006,507,Czwartek
2007,507,Poniedzialek
2008,507,Piatek
2009,507,Sobota
2010,507,Niedziela
2011,507,Wtorek
2012,508,Sroda
2013,508,Czwartek
2014,508,Niedziela
2015,508,Piatek
2016,509,Sobota
2017,510,Niedziela
2018,510,Sobota
2019,510,Poniedzialek
2020,510,Piatek
2021,510,Sroda
2022,510,Wtorek
2023,510,Czwartek
2024,511,Wtorek
2025,511,Sroda
2026,511,Niedziela
2027,511,Piatek
2028,511,Sobota
2029,511,Czwartek
2030,511,Poniedzialek
2031,512,Sobota
2032,512,Wtorek
2033,513,Sobota
2034,513,Piatek
2035,513,Poniedzialek
2036,513,Sroda
2037,513,Niedziela
2038,514,Sobota
2039,514,Czwartek
2040,514,Niedziela
2041,514,Wtorek
2042,515,Piatek
2043,515,Poniedzialek
2044,515,Niedziela
2045,515,Czwartek
2046,515,Sroda
2047,515,Wtorek
2048,516,Sroda
2049,516,Piatek
2050,516,Sobota
2051,516,Czwartek
2052,516,Niedziela
2053,516,Poniedzialek
2054,517,Piatek
2055,517,Poniedzialek
2056,517,Niedziela
2057,517,Sobota
2058,517,Wtorek
2059,517,Czwartek
2060,517,Sroda
2061,518,Poniedzialek
2062,518,Sobota
2063,518,Sroda
2064,519,Niedziela
2065,519,Czwartek
2066,519,Wtorek
2067,519,Poniedzialek
2068,519,Piatek
2069,520,Piatek
2070,520,Poniedzialek
2071,520,Sroda
2072,520,Wtorek
2073,520,Sobota
2074,520,Czwartek
2075,521,Sobota
2076,521,Poniedzialek
2077,521,Piatek
2078,522,Poniedzialek
2079,522,Niedziela
2080,522,Wtorek
2081,523,Sobota
2082,523,Wtorek
2083,523,Niedziela
2084,523,Poniedzialek
2085,523,Piatek
2086,523,Czwartek
2087,524,Piatek
2088,524,Poniedzialek
2089,524,Wtorek
2090,524,Czwartek
2091,524,Sroda
2092,525,Czwartek
2093,525,Sobota
2094,525,Sroda
2095,525,Poniedzialek
2096,525,Piatek
2097,526,Czwartek
2098,526,Sroda
2099,526,Poniedzialek
2100,526,Wtorek
2101,526,Niedziela
2102,526,Sobota
2103,526,Piatek
2104,527,Sobota
2105,527,Piatek
2106,527,Niedziela
2107,527,Wtorek
2108,527,Sroda
2109,528,Sobota
2110,528,Sroda
2111,528,Wtorek
2112,528,Piatek
2113,528,Poniedzialek
2114,529,Wtorek
2115,529,Niedziela
2116,529,Poniedzialek
2117,529,Czwartek
2118,529,Sroda
2119,529,Sobota
2120,530,Poniedzialek
2121,530,Niedziela
2122,530,Czwartek
2123,530,Sroda
2124,530,Piatek
2125,531,Czwartek
2126,531,Piatek
2127,531,Wtorek
2128,531,Poniedzialek
2129,532,Poniedzialek
2130,532,Sroda
2131,532,Piatek
2132,532,Niedziela
2133,532,Wtorek
2134,532,Sobota
2135,533,Sobota
2136,533,Poniedzialek
2137,533,Piatek
2138,533,Czwartek
2139,533,Sroda
2140,534,Wtorek
2141,534,Sobota
2142,534,Poniedzialek
2143,534,Sroda
2144,534,Piatek
2145,534,Czwartek
2146,534,Niedziela
2147,535,Wtorek
2148,535,Piatek
2149,535,Czwartek
2150,535,Sobota
2151,535,Poniedzialek
2152,535,Niedziela
2153,536,Poniedzialek
2154,536,Sroda
2155,536,Sobota
2156,536,Piatek
2157,537,Czwartek
2158,537,Sroda
2159,537,Piatek
2160,537,Sobota
2161,537,Poniedzialek
2162,537,Niedziela
2163,537,Wtorek
2164,538,Niedziela
2165,538,Sroda
2166,538,Sobota
2167,538,Czwartek
2168,538,Wtorek
2169,538,Piatek
2170,539,Niedziela
2171,540,Sobota
2172,540,Poniedzialek
2173,540,Niedziela
2174,540,Sroda
2175,540,Czwartek
2176,540,Wtorek
2177,541,Niedziela
2178,541,Wtorek
2179,541,Sobota
2180,541,Poniedzialek
2181,541,Czwartek
2182,541,Sroda
2183,542,Wtorek
2184,543,Czwartek
2185,543,Niedziela
2186,543,Sobota
2187,544,Czwartek
2188,544,Sobota
2189,544,Piatek
2190,544,Niedziela
2191,544,Wtorek
2192,545,Piatek
2193,545,Wtorek
2194,545,Niedziela
2195,545,Sobota
2196,545,Sroda
2197,546,Wtorek
2198,546,Poniedzialek
2199,546,Piatek
2200,546,Czwartek
2201,546,Sroda
2202,547,Sroda
2203,547,Poniedzialek
2204,547,Czwartek
2205,547,Sobota
2206,547,Piatek
2207,547,Niedziela
2208,547,Wtorek
2209,548,Sobota
2210,548,Piatek
2211,548,Poniedzialek
2212,548,Sroda
2213,548,Wtorek
2214,549,Niedziela
2215,549,Poniedzialek
2216,549,Sobota
2217,549,Sroda
2218,549,Piatek
2219,549,Czwartek
2220,550,Niedziela
2221,551,Wtorek
2222,551,Sroda
2223,551,Czwartek
2224,551,Poniedzialek
2225,552,Niedziela
2226,552,Sobota
2227,552,Piatek
2228,552,Wtorek
2229,552,Czwartek
2230,552,Poniedzialek
2231,552,Sroda
2232,553,Wtorek
2233,553,Poniedzialek
2234,553,Czwartek
2235,553,Sroda
2236,553,Niedziela
2237,554,Poniedzialek
2238,554,Piatek
2239,554,Sobota
2240,554,Sroda
2241,554,Niedziela
2242,554,Wtorek
2243,555,Piatek
2244,555,Poniedzialek
2245,555,Wtorek
2246,556,Sroda
2247,556,Niedziela
2248,556,Poniedzialek
2249,556,Piatek
2250,556,Wtorek
2251,557,Czwartek
2252,557,Piatek
2253,557,Sobota
2254,557,Poniedzialek
2255,558,Poniedzialek
2256,558,Piatek
2257,558,Czwartek
2258,558,Sobota
2259,558,Wtorek
2260,558,Sroda
2261,559,Sobota
2262,559,Czwartek
2263,560,Sobota
2264,560,Piatek
2265,560,Czwartek
2266,560,Niedziela
2267,560,Poniedzialek
2268,560,Sroda
2269,561,Piatek
2270,561,Sobota
2271,561,Niedziela
2272,561,Poniedzialek
2273,561,Sroda
2274,561,Czwartek
2275,561,Wtorek
2276,562,Niedziela
2277,563,Wtorek
2278,563,Czwartek
2279,563,Poniedzialek
2280,563,Sobota
2281,563,Piatek
2282,564,Czwartek
2283,565,Piatek
2284,565,Czwartek
2285,565,Niedziela
2286,566,Piatek
2287,566,Czwartek
2288,566,Poniedzialek
2289,566,Wtorek
2290,567,Sobota
2291,567,Piatek
2292,567,Niedziela
2293,568,Poniedzialek
2294,568,Wtorek
2295,568,Czwartek
2296,569,Czwartek
2297,569,Poniedzialek
2298,569,Niedziela
2299,569,Piatek
2300,570,Piatek
2301,570,Wtorek
2302,570,Czwartek
2303,570,Niedziela
2304,571,Poniedzialek
2305,571,Niedziela
2306,571,Piatek
2307,571,Wtorek
2308,571,Czwartek
2309,572,Wtorek
2310,572,Czwartek
2311,572,Niedziela
2312,572,Sobota
2313,572,Piatek
2314,572,Sroda
2315,572,Poniedzialek
2316,573,Wtorek
2317,573,Poniedzialek
2318,573,Sroda
2319,573,Piatek
2320,573,Czwartek
2321,573,Niedziela
2322,574,Piatek
2323,574,Wtorek
2324,574,Sroda
2325,575,Piatek
2326,575,Sobota
2327,575,Poniedzialek
2328,575,Niedziela
2329,575,Czwartek
2330,575,Wtorek
2331,576,Sobota
2332,576,Sroda
2333,576,Niedziela
2334,576,Czwartek
2335,576,Piatek
2336,577,Poniedzialek
2337,577,Sobota
2338,577,Piatek
2339,577,Niedziela
2340,577,Czwartek
2341,577,Wtorek
2342,578,Poniedzialek
2343,579,Piatek
2344,579,Wtorek
2345,579,Niedziela
2346,579,Sroda
2347,579,Poniedzialek
2348,580,Piatek
2349,580,Sroda
2350,580,Poniedzialek
2351,581,Sroda
2352,581,Sobota
2353,581,Piatek
2354,582,Sroda
2355,582,Czwartek
2356,582,Wtorek
2357,582,Sobota
2358,582,Niedziela
2359,582,Poniedzialek
2360,582,Piatek
2361,583,Niedziela
2362,583,Poniedzialek
2363,583,Piatek
2364,583,Sroda
2365,584,Sroda
2366,584,Czwartek
2367,584,Sobota
2368,584,Niedziela
2369,584,Wtorek
2370,585,Niedziela
2371,585,Sroda
2372,585,Czwartek
2373,585,Sobota
2374,585,Poniedzialek
2375,585,Wtorek
2376,586,Czwartek
2377,587,Sobota
2378,587,Poniedzialek
2379,588,Niedziela
2380,589,Wtorek
2381,590,Sobota
2382,590,Czwartek
2383,590,Sroda
2384,590,Poniedzialek
2385,590,Wtorek
2386,590,Piatek
2387,591,Sroda
2388,592,Czwartek
2389,592,Niedziela
2390,592,Sroda
2391,592,Piatek
2392,592,Wtorek
2393,592,Poniedzialek
2394,592,Sobota
2395,593,Poniedzialek
2396,593,Piatek
2397,593,Sobota
2398,593,Niedziela
2399,593,Wtorek
2400,593,Sroda
2401,594,Poniedzialek
2402,594,Czwartek
2403,595,Wtorek
2404,595,Piatek
2405,595,Sobota
2406,595,Czwartek
2407,595,Sroda
2408,595,Niedziela
2409,596,Sobota
2410,596,Wtorek
2411,596,Sroda
2412,596,Poniedzialek
2413,597,Czwartek
2414,597,Piatek
2415,597,Sobota
2416,598,Czwartek
2417,598,Poniedzialek
2418,598,Sroda
2419,598,Piatek
2420,598,Wtorek
2421,598,Sobota
2422,599,Wtorek
2423,599,Sobota
2424,600,Czwartek
2425,601,Czwartek
2426,601,Wtorek
2427,601,Piatek
2428,602,Czwartek
2429,602,Sroda
2430,602,Sobota
2431,602,Poniedzialek
2432,603,Wtorek
2433,603,Czwartek
2434,603,Piatek
2435,603,Sroda
2436,603,Niedziela
2437,604,Sobota
2438,605,Poniedzialek
2439,605,Piatek
2440,606,Sroda
2441,606,Niedziela
2442,606,Wtorek
2443,606,Sobota
2444,606,Czwartek
2445,606,Poniedzialek
2446,607,Sroda
2447,607,Piatek
2448,607,Poniedzialek
2449,608,Niedziela
2450,608,Czwartek
2451,609,Niedziela
2452,609,Sroda
2453,609,Czwartek
2454,609,Sobota
2455,609,Poniedzialek
2456,609,Piatek
2457,610,Wtorek
2458,610,Sroda
2459,610,Poniedzialek
2460,610,Sobota
2461,610,Czwartek
2462,611,Sroda
2463,612,Piatek
2464,612,Niedziela
2465,612,Sobota
2466,612,Sroda
2467,612,Poniedzialek
2468,612,Wtorek
2469,612,Czwartek
2470,613,Wtorek
2471,613,Niedziela
2472,613,Sroda
2473,613,Sobota
2474,613,Czwartek
2475,613,Poniedzialek
2476,613,Piatek
2477,614,Piatek
2478,614,Sroda
2479,614,Poniedzialek
2480,614,Niedziela
2481,614,Czwartek
2482,614,Sobota
2483,614,Wtorek
2484,615,Czwartek
2485,615,Piatek
2486,615,Sroda
2487,616,Niedziela
2488,617,Piatek
2489,618,Sroda
2490,618,Niedziela
2491,618,Poniedzialek
2492,618,Czwartek
2493,619,Czwartek
2494,619,Piatek
2495,620,Poniedzialek
2496,620,Piatek
2497,620,Niedziela
2498,620,Sobota
2499,620,Sroda
2500,621,Piatek
2501,622,Sroda
2502,622,Niedziela
2503,622,Sobota
2504,622,Wtorek
2505,622,Czwartek
2506,622,Piatek
2507,623,Wtorek
2508,623,Niedziela
2509,623,Poniedzialek
2510,623,Sobota
2511,623,Piatek
2512,624,Sroda
2513,624,Poniedzialek
2514,624,Czwartek
2515,624,Piatek
2516,624,Wtorek
2517,624,Niedziela
2518,624,Sobota
2519,625,Piatek
2520,625,Niedziela
2521,625,Poniedzialek
2522,625,Czwartek
2523,626,Niedziela
2524,626,Czwartek
2525,626,Sroda
2526,626,Piatek
2527,626,Poniedzialek
2528,626,Wtorek
2529,626,Sobota
2530,627,Niedziela
2531,627,Sobota
2532,627,Wtorek
2533,627,Poniedzialek
2534,628,Poniedzialek
2535,628,Niedziela
2536,628,Wtorek
2537,628,Czwartek
2538,628,Sroda
2539,629,Sroda
2540,629,Czwartek
2541,629,Sobota
2542,629,Piatek
2543,629,Wtorek
2544,629,Niedziela
2545,630,Sobota
2546,631,Wtorek
2547,631,Niedziela
2548,631,Czwartek
2549,632,Czwartek
2550,632,Sobota
2551,632,Poniedzialek
2552,632,Sroda
2553,633,Niedziela
2554,633,Poniedzialek
2555,633,Wtorek
2556,634,Czwartek
2557,634,Poniedzialek
2558,634,Niedziela
2559,635,Poniedzialek
2560,635,Piatek
2561,635,Wtorek
2562,635,Czwartek
2563,635,Niedziela
2564,635,Sobota
2565,636,Sroda
2566,637,Poniedzialek
2567,638,Poniedzialek
2568,638,Piatek
2569,638,Wtorek
2570,639,Czwartek
2571,639,Poniedzialek
2572,639,Niedziela
2573,640,Piatek
2574,641,Wtorek
2575,641,Sobota
2576,641,Poniedzialek
2577,641,Piatek
2578,641,Niedziela
2579,641,Sroda
2580,642,Sobota
2581,642,Piatek
2582,642,Poniedzialek
2583,642,Czwartek
2584,642,Niedziela
2585,642,Wtorek
2586,643,Sroda
2587,643,Sobota
2588,644,Poniedzialek
2589,645,Piatek
2590,645,Niedziela
2591,645,Sobota
2592,645,Sroda
2593,645,Czwartek
2594,646,Sroda
2595,646,Niedziela
2596,646,Piatek
2597,646,Poniedzialek
2598,647,Niedziela
2599,647,Sroda
2600,647,Sobota
2601,647,Czwartek
2602,647,Poniedzialek
2603,647,Piatek
2604,648,Wtorek
2605,648,Czwartek
2606,648,Niedziela
2607,648,Poniedzialek
2608,648,Sroda
2609,648,Piatek
2610,649,Wtorek
2611,650,Niedziela
2612,650,Czwartek
2613,650,Poniedzialek
2614,651,Piatek
2615,651,Poniedzialek
2616,651,Wtorek
2617,651,Sroda
2618,651,Niedziela
2619,652,Sobota
2620,652,Piatek
2621,652,Sroda
2622,652,Czwartek
2623,653,Sobota
2624,653,Wtorek
2625,653,Poniedzialek
2626,653,Piatek
2627,653,Czwartek
2628,654,Poniedzialek
2629,655,Piatek
2630,655,Wtorek
2631,655,Czwartek
2632,655,Sroda
2633,656,Poniedzialek
2634,656,Sroda
2635,656,Piatek
2636,656,Wtorek
2637,657,Niedziela
2638,657,Piatek
2639,657,Czwartek
2640,657,Wtorek
2641,657,Sroda
2642,657,Sobota
2643,657,Poniedzialek
2644,658,Piatek
2645,658,Sroda
2646,658,Poniedzialek
2647,658,Czwartek
2648,658,Wtorek
2649,658,Sobota
2650,659,Piatek
2651,659,Wtorek
2652,659,Niedziela
2653,659,Sobota
2654,659,Czwartek
2655,660,Poniedzialek
2656,660,Sobota
2657,660,Sroda
2658,660,Wtorek
2659,660,Niedziela
2660,660,Czwartek
2661,660,Piatek
2662,661,Sobota
2663,662,Sobota
2664,662,Niedziela
2665,663,Poniedzialek
2666,663,Sroda
2667,663,Niedziela
2668,663,Sobota
2669,664,Piatek
2670,664,Poniedzialek
2671,664,Czwartek
2672,664,Sroda
2673,664,Niedziela
2674,664,Sobota
2675,664,Wtorek
2676,665,Sroda
2677,665,Sobota
2678,665,Czwartek
2679,665,Poniedzialek
2680,665,Wtorek
2681,666,Wtorek
2682,666,Sobota
2683,667,Niedziela
2684,667,Sroda
2685,667,Czwartek
2686,667,Poniedzialek
2687,667,Piatek
2688,667,Wtorek
2689,668,Piatek
2690,668,Sroda
2691,668,Niedziela
2692,668,Sobota
2693,668,Wtorek
2694,668,Czwartek
2695,668,Poniedzialek
2696,669,Piatek
2697,670,Wtorek
2698,670,Sroda
2699,670,Sobota
2700,670,Czwartek
2701,670,Niedziela
2702,670,Poniedzialek
2703,671,Piatek
2704,671,Niedziela
2705,671,Czwartek
2706,671,Sobota
2707,671,Wtorek
2708,671,Sroda
2709,672,Czwartek
2710,673,Wtorek
2711,674,Poniedzialek
2712,674,Niedziela
2713,674,Czwartek
2714,674,Piatek
2715,675,Piatek
2716,675,Sobota
2717,675,Niedziela
2718,675,Poniedzialek
2719,675,Sroda
2720,675,Czwartek
2721,676,Wtorek
2722,676,Poniedzialek
2723,676,Piatek
2724,676,Sobota
2725,676,Sroda
2726,676,Niedziela
2727,677,Sobota
2728,677,Czwartek
2729,678,Sroda
2730,678,Wtorek
2731,678,Czwartek
2732,678,Poniedzialek
2733,678,Sobota
2734,678,Piatek
2735,678,Niedziela
2736,679,Sobota
2737,679,Niedziela
2738,679,Wtorek
2739,679,Sroda
2740,679,Poniedzialek
2741,679,Piatek
2742,680,Wtorek
2743,681,Poniedzialek
2744,681,Niedziela
2745,681,Wtorek
2746,681,Piatek
2747,682,Poniedzialek
2748,682,Wtorek
2749,682,Czwartek
2750,683,Czwartek
2751,683,Niedziela
2752,683,Poniedzialek
2753,683,Wtorek
2754,684,Piatek
2755,684,Sroda
2756,684,Poniedzialek
2757,685,Wtorek
2758,685,Sobota
2759,685,Sroda
2760,685,Piatek
2761,685,Poniedzialek
2762,685,Niedziela
2763,685,Czwartek
2764,686,Wtorek
2765,686,Sobota
2766,686,Piatek
2767,686,Niedziela
2768,686,Sroda
2769,686,Czwartek
2770,687,Niedziela
2771,687,Piatek
2772,687,Czwartek
2773,687,Sroda
2774,688,Poniedzialek
2775,688,Piatek
2776,688,Czwartek
2777,688,Wtorek
2778,689,Czwartek
2779,689,Poniedzialek
2780,689,Sroda
2781,690,Czwartek
2782,690,Piatek
2783,690,Niedziela
2784,690,Sroda
2785,691,Poniedzialek
2786,691,Niedziela
2787,691,Sobota
2788,691,Czwartek
2789,692,Sroda
2790,692,Piatek
2791,692,Poniedzialek
2792,692,Czwartek
2793,692,Sobota
2794,692,Wtorek
2795,693,Wtorek
2796,693,Sobota
2797,693,Niedziela
2798,693,Poniedzialek
2799,693,Piatek
2800,693,Czwartek
2801,693,Sroda
2802,694,Poniedzialek
2803,694,Czwartek
2804,694,Wtorek
2805,694,Sobota
2806,694,Sroda
2807,694,Piatek
2808,695,Piatek
2809,695,Sobota
2810,695,Wtorek
2811,695,Sroda
2812,695,Czwartek
2813,696,Sroda
2814,696,Niedziela
2815,696,Sobota
2816,696,Piatek
2817,696,Czwartek
2818,696,Poniedzialek
2819,697,Sroda
2820,697,Poniedzialek
2821,698,Czwartek
2822,698,Poniedzialek
2823,698,Piatek
2824,699,Sroda
2825,699,Poniedzialek
2826,699,Czwartek
2827,699,Piatek
2828,699,Niedziela
2829,700,Sobota
2830,701,Piatek
2831,701,Sroda
2832,701,Niedziela
2833,701,Sobota
2834,701,Poniedzialek
2835,702,Poniedzialek
2836,702,Wtorek
2837,702,Czwartek
2838,703,Czwartek
2839,703,Poniedzialek
2840,703,Sobota
2841,703,Niedziela
2842,704,Poniedzialek
2843,704,Sobota
2844,704,Sroda
2845,704,Wtorek
2846,704,Piatek
2847,704,Czwartek
2848,705,Czwartek
2849,705,Poniedzialek
2850,705,Sroda
2851,705,Sobota
2852,705,Wtorek
2853,705,Niedziela
2854,706,Niedziela
2855,706,Sroda
2856,706,Poniedzialek
2857,707,Czwartek
2858,707,Niedziela
2859,707,Sroda
2860,708,Wtorek
2861,708,Piatek
2862,709,Piatek
2863,709,Czwartek
2864,709,Sroda
2865,709,Niedziela
2866,709,Wtorek
2867,710,Czwartek
2868,710,Piatek
2869,711,Sobota
2870,711,Niedziela
2871,711,Czwartek
2872,711,Poniedzialek
2873,711,Sroda
2874,712,Niedziela
2875,712,Wtorek
2876,712,Sobota
2877,713,Poniedzialek
2878,713,Sobota
2879,713,Niedziela
2880,713,Piatek
2881,713,Czwartek
2882,713,Wtorek
2883,713,Sroda
2884,714,Sroda
2885,714,Sobota
2886,714,Wtorek
2887,714,Poniedzialek
2888,714,Piatek
2889,714,Niedziela
2890,715,Wtorek
2891,715,Poniedzialek
2892,716,Sroda
2893,716,Czwartek
2894,716,Piatek
2895,716,Niedziela
2896,716,Wtorek
2897,716,Poniedzialek
2898,716,Sobota
2899,717,Czwartek
2900,718,Sobota
2901,718,Niedziela
2902,718,Czwartek
2903,719,Piatek
2904,720,Czwartek
2905,720,Piatek
2906,720,Niedziela
2907,720,Poniedzialek
2908,720,Wtorek
2909,721,Sroda
2910,721,Sobota
2911,721,Czwartek
2912,722,Sobota
2913,722,Wtorek
2914,722,Czwartek
2915,723,Sobota
2916,723,Sroda
2917,723,Piatek
2918,724,Piatek
2919,724,Poniedzialek
2920,724,Czwartek
2921,724,Niedziela
2922,725,Sobota
2923,725,Sroda
2924,725,Poniedzialek
2925,726,Wtorek
2926,726,Czwartek
2927,726,Sobota
2928,726,Niedziela
2929,726,Poniedzialek
2930,727,Wtorek
2931,727,Sobota
2932,727,Czwartek
2933,728,Sroda
2934,728,Sobota
2935,728,Poniedzialek
2936,728,Niedziela
2937,729,Piatek
2938,729,Wtorek
2939,730,Niedziela
2940,731,Wtorek
2941,732,Czwartek
2942,732,Niedziela
2943,733,Poniedzialek
2944,733,Sroda
2945,733,Wtorek
2946,733,Sobota
2947,733,Niedziela
2948,733,Piatek
2949,734,Czwartek
2950,734,Wtorek
2951,734,Piatek
2952,734,Sroda
2953,734,Poniedzialek
2954,734,Niedziela
2955,735,Niedziela
2956,736,Wtorek
2957,736,Sroda
2958,737,Czwartek
2959,737,Poniedzialek
2960,737,Niedziela
2961,737,Piatek
2962,737,Sroda
2963,737,Sobota
2964,738,Niedziela
2965,738,Poniedzialek
2966,738,Wtorek
2967,738,Sobota
2968,738,Czwartek
2969,738,Sroda
2970,738,Piatek
2971,739,Sroda
2972,739,Wtorek
2973,739,Poniedzialek
2974,739,Czwartek
2975,739,Piatek
2976,740,Czwartek
2977,740,Piatek
2978,740,Poniedzialek
2979,740,Sroda
2980,741,Sroda
2981,741,Czwartek
2982,741,Wtorek
2983,741,Poniedzialek
2984,741,Piatek
2985,742,Czwartek
2986,742,Sobota
2987,742,Poniedzialek
2988,742,Piatek
2989,743,Poniedzialek
2990,743,Sroda
2991,743,Czwartek
2992,743,Niedziela
2993,744,Wtorek
2994,745,Piatek
2995,746,Wtorek
2996,746,Poniedzialek
2997,746,Sobota
2998,746,Sroda
2999,746,Niedziela
3000,746,Piatek
3001,746,Czwartek
3002,747,Poniedzialek
3003,747,Piatek
3004,748,Poniedzialek
3005,748,Niedziela
3006,748,Sroda
3007,748,Piatek
3008,748,Sobota
3009,749,Czwartek
3010,749,Sroda
3011,749,Poniedzialek
3012,749,Piatek
3013,749,Sobota
3014,749,Niedziela
3015,749,Wtorek
3016,750,Czwartek
3017,750,Niedziela
3018,750,Sroda
3019,750,Sobota
3020,751,Poniedzialek
3021,751,Piatek
3022,751,Wtorek
3023,751,Czwartek
3024,751,Niedziela
3025,751,Sroda
3026,751,Sobota
3027,752,Wtorek
3028,752,Poniedzialek
3029,753,Sroda
3030,754,Wtorek
3031,754,Piatek
3032,754,Sroda
3033,754,Sobota
3034,754,Czwartek
3035,754,Niedziela
3036,754,Poniedzialek
3037,755,Sobota
3038,755,Poniedzialek
3039,755,Czwartek
3040,755,Sroda
3041,756,Sobota
3042,756,Poniedzialek
3043,756,Wtorek
3044,757,Piatek
3045,757,Poniedzialek
3046,757,Czwartek
3047,757,Niedziela
3048,757,Sobota
3049,757,Sroda
3050,757,Wtorek
3051,758,Sroda
3052,758,Piatek
3053,758,Niedziela
3054,758,Czwartek
3055,758,Poniedzialek
3056,759,Poniedzialek
3057,759,Piatek
3058,759,Niedziela
3059,759,Wtorek
3060,759,Sroda
3061,759,Czwartek
3062,760,Niedziela
3063,760,Sobota
3064,761,Sroda
3065,762,Wtorek
3066,762,Poniedzialek
3067,762,Piatek
3068,762,Niedziela
3069,762,Sroda
3070,762,Sobota
3071,763,Sobota
3072,763,Piatek
3073,763,Wtorek
3074,764,Sobota
3075,764,Piatek
3076,764,Sroda
3077,765,Wtorek
3078,765,Sobota
3079,765,Poniedzialek
3080,766,Piatek
3081,766,Sobota
3082,766,Poniedzialek
3083,766,Sroda
3084,767,Poniedzialek
3085,767,Niedziela
3086,767,Sroda
3087,768,Wtorek
3088,768,Sobota
3089,768,Sroda
3090,769,Wtorek
3091,769,Piatek
3092,769,Niedziela
3093,769,Sroda
3094,769,Poniedzialek
3095,769,Sobota
3096,769,Czwartek
3097,770,Sroda
3098,770,Czwartek
3099,770,Sobota
3100,770,Wtorek
3101,770,Poniedzialek
3102,770,Niedziela
3103,770,Piatek
3104,771,Czwartek
3105,771,Niedziela
3106,771,Sroda
3107,771,Wtorek
3108,771,Poniedzialek
3109,771,Sobota
3110,771,Piatek
3111,772,Niedziela
3112,772,Czwartek
3113,772,Sobota
3114,772,Piatek
3115,772,Sroda
3116,772,Poniedzialek
3117,772,Wtorek
3118,773,Sobota
3119,773,Piatek
3120,773,Sroda
3121,773,Niedziela
3122,774,Sroda
3123,774,Sobota
3124,774,Piatek
3125,774,Wtorek
3126,774,Poniedzialek
3127,774,Czwartek
3128,774,Niedziela
3129,775,Sroda
3130,775,Niedziela
3131,776,Wtorek
3132,776,Sobota
3133,776,Sroda
3134,776,Niedziela
3135,776,Poniedzialek
3136,776,Czwartek
3137,776,Piatek
3138,777,Poniedzialek
3139,777,Niedziela
3140,778,Wtorek
3141,779,Piatek
3142,779,Sroda
3143,779,Poniedzialek
3144,779,Niedziela
3145,779,Sobota
3146,780,Czwartek
3147,780,Poniedzialek
3148,780,Sobota
3149,781,Sroda
3150,781,Piatek
3151,781,Sobota
3152,782,Czwartek
3153,782,Sroda
3154,782,Niedziela
3155,782,Poniedzialek
3156,783,Piatek
3157,783,Sroda
3158,783,Czwartek
3159,783,Poniedzialek
3160,783,Niedziela
3161,784,Czwartek
3162,784,Niedziela
3163,784,Piatek
3164,784,Poniedzialek
3165,784,Sroda
3166,784,Sobota
3167,784,Wtorek
3168,785,Niedziela
3169,785,Sroda
3170,785,Piatek
3171,785,Poniedzialek
3172,785,Sobota
3173,786,Sobota
3174,786,Wtorek
3175,786,Czwartek
3176,786,Sroda
3177,786,Poniedzialek
3178,787,Czwartek
3179,787,Poniedzialek
3180,788,Sobota
3181,788,Wtorek
3182,788,Sroda
3183,788,Piatek
3184,788,Poniedzialek
3185,788,Czwartek
3186,788,Niedziela
3187,789,Poniedzialek
3188,789,Niedziela
3189,789,Sroda
3190,789,Wtorek
3191,789,Czwartek
3192,789,Sobota
3193,789,Piatek
3194,790,Sobota
3195,790,Piatek
3196,790,Poniedzialek
3197,790,Czwartek
3198,790,Sroda
3199,790,Wtorek
3200,791,Poniedzialek
3201,791,Sobota
3202,791,Czwartek
3203,792,Poniedzialek
3204,792,Niedziela
3205,792,Sroda
3206,792,Piatek
3207,792,Sobota
3208,793,Poniedzialek
3209,793,Czwartek
3210,793,Niedziela
3211,793,Sobota
3212,793,Sroda
3213,793,Wtorek
3214,793,Piatek
3215,794,Poniedzialek
3216,794,Czwartek
3217,794,Wtorek
3218,794,Sobota
3219,794,Niedziela
3220,794,Piatek
3221,795,Sroda
3222,795,Sobota
3223,795,Niedziela
3224,796,Wtorek
3225,797,Niedziela
3226,797,Wtorek
3227,797,Czwartek
3228,797,Piatek
3229,797,Poniedzialek
3230,797,Sroda
3231,798,Sobota
3232,798,Sroda
3233,798,Niedziela
3234,798,Poniedzialek
3235,798,Wtorek
3236,798,Czwartek
3237,799,Sroda
3238,800,Niedziela
3239,800,Czwartek
3240,800,Piatek
3241,801,Poniedzialek
3242,801,Sobota
3243,801,Wtorek
3244,801,Niedziela
3245,801,Sroda
3246,801,Czwartek
3247,802,Sobota
3248,802,Wtorek
3249,802,Niedziela
3250,802,Poniedzialek
3251,802,Sroda
3252,802,Czwartek
3253,803,Niedziela
3254,803,Piatek
3255,803,Sobota
3256,803,Poniedzialek
3257,804,Poniedzialek
3258,805,Czwartek
3259,805,Sroda
3260,805,Poniedzialek
3261,806,Sroda
3262,806,Niedziela
3263,806,Poniedzialek
3264,807,Poniedzialek
3265,808,Sobota
3266,808,Wtorek
3267,808,Niedziela
3268,808,Sroda
3269,808,Poniedzialek
3270,808,Czwartek
3271,809,Czwartek
3272,809,Sroda
3273,809,Poniedzialek
3274,809,Sobota
3275,809,Piatek
3276,810,Niedziela
3277,810,Piatek
3278,810,Sroda
3279,810,Poniedzialek
3280,810,Wtorek
3281,810,Sobota
3282,810,Czwartek
3283,811,Wtorek
3284,811,Niedziela
3285,811,Czwartek
3286,811,Piatek
3287,811,Poniedzialek
3288,812,Wtorek
3289,812,Niedziela
3290,812,Piatek
3291,812,Sobota
3292,812,Sroda
3293,812,Poniedzialek
3294,812,Czwartek
3295,813,Sobota
3296,813,Czwartek
3297,813,Wtorek
3298,813,Piatek
3299,814,Sobota
3300,814,Sroda
3301,815,Sobota
3302,815,Czwartek
3303,815,Niedziela
3304,815,Piatek
3305,815,Poniedzialek
3306,815,Wtorek
3307,815,Sroda
3308,816,Czwartek
3309,816,Sroda
3310,816,Wtorek
3311,816,Sobota
3312,816,Piatek
3313,816,Poniedzialek
3314,817,Czwartek
3315,817,Piatek
3316,817,Sobota
3317,817,Wtorek
3318,817,Niedziela
3319,817,Sroda
3320,818,Poniedzialek
3321,818,Wtorek
3322,818,Sobota
3323,818,Piatek
3324,818,Niedziela
3325,818,Sroda
3326,818,Czwartek
3327,819,Czwartek
3328,819,Piatek
3329,820,Poniedzialek
3330,820,Sroda
3331,820,Piatek
3332,820,Czwartek
3333,821,Sroda
3334,821,Poniedzialek
3335,821,Wtorek
3336,821,Niedziela
3337,821,Sobota
3338,821,Piatek
3339,822,Sroda
3340,823,Czwartek
3341,824,Piatek
3342,824,Sroda
3343,824,Poniedzialek
3344,824,Sobota
3345,825,Sroda
3346,825,Piatek
3347,825,Wtorek
3348,826,Sobota
3349,826,Wtorek
3350,826,Poniedzialek
3351,826,Niedziela
3352,826,Czwartek
3353,826,Piatek
3354,826,Sroda
3355,827,Wtorek
3356,827,Poniedzialek
3357,827,Piatek
3358,827,Sobota
3359,828,Piatek
3360,828,Sobota
3361,828,Wtorek
3362,828,Niedziela
3363,829,Czwartek
3364,829,Piatek
3365,829,Niedziela
3366,829,Poniedzialek
3367,829,Sroda
3368,829,Sobota
3369,830,Czwartek
3370,831,Wtorek
3371,831,Czwartek
3372,831,Sroda
3373,831,Poniedzialek
3374,831,Niedziela
3375,831,Sobota
3376,832,Wtorek
3377,832,Piatek
3378,833,Niedziela
3379,833,Czwartek
3380,833,Piatek
3381,833,Sobota
3382,834,Piatek
3383,834,Poniedzialek
3384,834,Czwartek
3385,835,Piatek
3386,835,Czwartek
3387,835,Poniedzialek
3388,835,Wtorek
3389,835,Sroda
3390,835,Niedziela
3391,836,Piatek
3392,836,Czwartek
3393,836,Poniedzialek
3394,836,Sobota
3395,836,Sroda
3396,837,Niedziela
3397,838,Wtorek
3398,838,Poniedzialek
3399,838,Sobota
3400,839,Niedziela
3401,839,Piatek
3402,840,Poniedzialek
3403,840,Wtorek
3404,841,Sobota
3405,841,Piatek
3406,841,Niedziela
3407,841,Czwartek
3408,841,Wtorek
3409,842,Niedziela
3410,842,Sobota
3411,842,Czwartek
3412,842,Wtorek
3413,842,Piatek
3414,843,Niedziela
3415,843,Sobota
3416,843,Czwartek
3417,843,Poniedzialek
3418,843,Sroda
3419,843,Piatek
3420,844,Czwartek
3421,845,Czwartek
3422,846,Sroda
3423,847,Niedziela
3424,847,Sroda
3425,847,Czwartek
3426,847,Piatek
3427,848,Czwartek
3428,848,Niedziela
3429,848,Poniedzialek
3430,848,Sroda
3431,848,Piatek
3432,848,Sobota
3433,849,Niedziela
3434,849,Wtorek
3435,850,Sobota
3436,850,Sroda
3437,850,Wtorek
3438,850,Piatek
3439,850,Niedziela
3440,851,Piatek
3441,851,Niedziela
3442,851,Czwartek
3443,851,Poniedzialek
3444,851,Wtorek
3445,851,Sobota
3446,852,Niedziela
3447,852,Poniedzialek
3448,852,Sobota
3449,852,Sroda
3450,853,Piatek
3451,853,Poniedzialek
3452,853,Niedziela
3453,853,Wtorek
3454,853,Czwartek
3455,854,Piatek
3456,854,Sobota
3457,854,Wtorek
3458,854,Niedziela
3459,854,Poniedzialek
3460,854,Czwartek
3461,854,Sroda
3462,855,Piatek
3463,855,Wtorek
3464,856,Czwartek
3465,857,Poniedzialek
3466,858,Wtorek
3467,858,Piatek
3468,858,Czwartek
3469,858,Niedziela
3470,858,Sobota
3471,859,Sobota
3472,859,Piatek
3473,859,Poniedzialek
3474,860,Piatek
3475,860,Wtorek
3476,860,Niedziela
3477,860,Poniedzialek
3478,860,Sobota
3479,860,Czwartek
3480,860,Sroda
3481,861,Piatek
3482,861,Sobota
3483,861,Sroda
3484,861,Poniedzialek
3485,861,Wtorek
3486,861,Czwartek
3487,861,Niedziela
3488,862,Czwartek
3489,862,Piatek
3490,862,Niedziela
3491,862,Sobota
3492,862,Sroda
3493,863,Niedziela
3494,863,Piatek
3495,863,Czwartek
3496,864,Czwartek
3497,864,Poniedzialek
3498,864,Sobota
3499,865,Sroda
3500,865,Poniedzialek
3501,865,Piatek
3502,865,Sobota
3503,866,Wtorek
3504,866,Poniedzialek
3505,866,Sroda
3506,866,Czwartek
3507,866,Sobota
3508,866,Piatek
3509,867,Sroda
3510,867,Poniedzialek
3511,867,Sobota
3512,867,Piatek
3513,867,Wtorek
3514,867,Niedziela
3515,867,Czwartek
3516,868,Poniedzialek
3517,868,Czwartek
3518,868,Piatek
3519,869,Sroda
3520,869,Piatek
3521,869,Wtorek
3522,869,Niedziela
3523,869,Sobota
3524,869,Czwartek
3525,870,Czwartek
3526,870,Sobota
3527,870,Wtorek
3528,870,Poniedzialek
3529,870,Niedziela
3530,871,Czwartek
3531,872,Sobota
3532,873,Piatek
3533,873,Poniedzialek
3534,874,Sroda
3535,874,Niedziela
3536,874,Sobota
3537,874,Wtorek
3538,875,Piatek
3539,875,Sroda
3540,875,Wtorek
3541,875,Niedziela
3542,875,Czwartek
3543,875,Poniedzialek
3544,875,Sobota
3545,876,Niedziela
3546,876,Sobota
3547,876,Piatek
3548,876,Sroda
3549,876,Wtorek
3550,876,Poniedzialek
3551,876,Czwartek
3552,877,Czwartek
3553,877,Niedziela
3554,877,Poniedzialek
3555,877,Sroda
3556,877,Piatek
3557,878,Niedziela
3558,878,Sroda
3559,878,Czwartek
3560,878,Sobota
3561,879,Czwartek
3562,879,Piatek
3563,880,Niedziela
3564,881,Poniedzialek
3565,881,Sroda
3566,881,Piatek
3567,882,Sobota
3568,882,Czwartek
3569,882,Sroda
3570,882,Piatek
3571,882,Niedziela
3572,882,Wtorek
3573,883,Sobota
3574,883,Sroda
3575,884,Poniedzialek
3576,885,Wtorek
3577,885,Sobota
3578,886,Sroda
3579,886,Poniedzialek
3580,886,Wtorek
3581,887,Sobota
3582,887,Niedziela
3583,888,Piatek
3584,888,Sobota
3585,888,Poniedzialek
3586,888,Wtorek
3587,888,Sroda
3588,889,Wtorek
3589,889,Niedziela
3590,889,Sobota
3591,889,Czwartek
3592,889,Poniedzialek
3593,889,Piatek
3594,890,Poniedzialek
3595,890,Wtorek
3596,890,Czwartek
3597,890,Niedziela
3598,890,Sobota
3599,891,Czwartek
3600,891,Wtorek
3601,891,Sobota
3602,892,Wtorek
3603,892,Czwartek
3604,892,Piatek
3605,892,Niedziela
3606,892,Sobota
3607,892,Sroda
3608,893,Sobota
3609,893,Piatek
3610,894,Niedziela
3611,894,Poniedzialek
3612,894,Sroda
3613,894,Wtorek
3614,895,Wtorek
3615,895,Poniedzialek
3616,895,Niedziela
3617,895,Sroda
3618,896,Poniedzialek
3619,896,Czwartek
3620,896,Piatek
3621,896,Sobota
3622,896,Wtorek
3623,896,Niedziela
3624,897,Czwartek
3625,897,Sobota
3626,897,Niedziela
3627,897,Wtorek
3628,898,Piatek
3629,898,Wtorek
3630,898,Poniedzialek
3631,898,Sroda
3632,899,Wtorek
3633,899,Poniedzialek
3634,899,Czwartek
3635,899,Sobota
3636,899,Niedziela
3637,899,Piatek
3638,900,Sobota
3639,900,Poniedzialek
3640,900,Sroda
3641,900,Wtorek
3642,900,Piatek
3643,900,Czwartek
3644,900,Niedziela
3645,901,Czwartek
3646,901,Sroda
3647,902,Sroda
3648,902,Piatek
3649,902,Poniedzialek
3650,902,Niedziela
3651,902,Wtorek
3652,902,Sobota
3653,902,Czwartek
3654,903,Piatek
3655,903,Wtorek
3656,903,Sobota
3657,903,Poniedzialek
3658,903,Czwartek
3659,904,Sobota
3660,904,Wtorek
3661,904,Niedziela
3662,904,Poniedzialek
3663,904,Czwartek
3664,904,Piatek
3665,905,Niedziela
3666,905,Wtorek
3667,905,Sroda
3668,906,Sobota
3669,906,Niedziela
3670,907,Niedziela
3671,908,Sobota
3672,908,Niedziela
3673,908,Czwartek
3674,908,Poniedzialek
3675,908,Piatek
3676,909,Sobota
3677,909,Niedziela
3678,909,Czwartek
3679,909,Sroda
3680,909,Piatek
3681,910,Wtorek
3682,911,Czwartek
3683,911,Sroda
3684,911,Poniedzialek
3685,911,Niedziela
3686,912,Sroda
3687,913,Czwartek
3688,914,Poniedzialek
3689,914,Piatek
3690,914,Sobota
3691,914,Czwartek
3692,915,Czwartek
3693,915,Sobota
3694,915,Wtorek
3695,916,Czwartek
3696,917,Piatek
3697,918,Sroda
3698,918,Sobota
3699,918,Poniedzialek
3700,919,Sobota
3701,919,Niedziela
3702,919,Czwartek
3703,919,Poniedzialek
3704,919,Piatek
3705,919,Wtorek
3706,920,Wtorek
3707,920,Sobota
3708,920,Poniedzialek
3709,921,Sobota
3710,922,Sobota
3711,922,Poniedzialek
3712,922,Sroda
3713,922,Piatek
3714,922,Wtorek
3715,922,Niedziela
3716,923,Sobota
3717,923,Czwartek
3718,923,Niedziela
3719,923,Wtorek
3720,923,Piatek
3721,923,Sroda
3722,923,Poniedzialek
3723,924,Niedziela
3724,924,Sobota
3725,924,Poniedzialek
3726,925,Sobota
3727,925,Sroda
3728,925,Wtorek
3729,926,Niedziela
3730,926,Sroda
3731,926,Czwartek
3732,926,Piatek
3733,926,Wtorek
3734,926,Sobota
3735,927,Wtorek
3736,928,Poniedzialek
3737,928,Wtorek
3738,928,Niedziela
3739,929,Niedziela
3740,929,Sroda
3741,929,Czwartek
3742,929,Wtorek
3743,929,Sobota
3744,929,Poniedzialek
3745,929,Piatek
3746,930,Wtorek
3747,930,Poniedzialek
3748,930,Niedziela
3749,931,Piatek
3750,931,Niedziela
3751,932,Niedziela
3752,932,Sobota
3753,933,Czwartek
3754,933,Sroda
3755,934,Czwartek
3756,934,Sobota
3757,934,Wtorek
3758,934,Sroda
3759,934,Niedziela
3760,934,Poniedzialek
3761,934,Piatek
3762,935,Poniedzialek
3763,935,Wtorek
3764,936,Piatek
3765,936,Wtorek
3766,936,Niedziela
3767,937,Sroda
3768,937,Niedziela
3769,937,Piatek
3770,937,Wtorek
3771,938,Sobota
3772,938,Wtorek
3773,939,Niedziela
3774,939,Czwartek
3775,940,Sroda
3776,940,Piatek
3777,940,Poniedzialek
3778,940,Niedziela
3779,940,Czwartek
3780,940,Wtorek
3781,940,Sobota
3782,941,Poniedzialek
3783,942,Niedziela
3784,943,Wtorek
3785,943,Sroda
3786,944,Sroda
3787,944,Niedziela
3788,944,Piatek
3789,944,Poniedzialek
3790,944,Wtorek
3791,944,Czwartek
3792,944,Sobota
3793,945,Niedziela
3794,945,Czwartek
3795,946,Sobota
3796,946,Niedziela
3797,946,Wtorek
3798,947,Wtorek
3799,947,Sobota
3800,948,Piatek
3801,948,Poniedzialek
3802,949,Niedziela
3803,949,Wtorek
3804,949,Poniedzialek
3805,950,Niedziela
3806,950,Sroda
3807,950,Piatek
3808,950,Czwartek
3809,950,Sobota
3810,950,Poniedzialek
3811,951,Niedziela
3812,951,Poniedzialek
3813,951,Sobota
3814,951,Piatek
3815,951,Sroda
3816,952,Sroda
3817,952,Wtorek
3818,953,Wtorek
3819,954,Wtorek
3820,954,Sroda
3821,954,Sobota
3822,955,Poniedzialek
3823,956,Wtorek
3824,956,Piatek
3825,956,Sobota
3826,956,Sroda
3827,956,Poniedzialek
3828,957,Sroda
3829,957,Sobota
3830,958,Niedziela
3831,958,Wtorek
3832,959,Niedziela
3833,959,Wtorek
3834,959,Sroda
3835,960,Sobota
3836,961,Niedziela
3837,962,Piatek
3838,962,Czwartek
3839,962,Sobota
3840,962,Niedziela
3841,962,Wtorek
3842,963,Piatek
3843,963,Poniedzialek
3844,963,Sroda
3845,963,Czwartek
3846,963,Wtorek
3847,963,Niedziela
3848,964,Sobota
3849,964,Wtorek
3850,964,Czwartek
3851,964,Poniedzialek
3852,965,Piatek
3853,965,Sroda
3854,965,Niedziela
3855,965,Czwartek
3856,965,Sobota
3857,966,Sroda
3858,966,Wtorek
3859,966,Poniedzialek
3860,966,Piatek
3861,966,Sobota
3862,967,Poniedzialek
3863,967,Czwartek
3864,968,Sobota
3865,968,Poniedzialek
3866,968,Wtorek
3867,968,Czwartek
3868,968,Sroda
3869,968,Niedziela
3870,969,Wtorek
3871,969,Sroda
3872,969,Sobota
3873,969,Poniedzialek
3874,969,Piatek
3875,969,Niedziela
3876,970,Sobota
3877,970,Sroda
3878,970,Wtorek
3879,970,Czwartek
3880,971,Wtorek
3881,972,Piatek
3882,972,Niedziela
3883,972,Poniedzialek
3884,972,Sroda
3885,972,Czwartek
3886,972,Wtorek
3887,972,Sobota
3888,973,Sroda
3889,973,Piatek
3890,973,Poniedzialek
3891,974,Niedziela
3892,974,Wtorek
3893,974,Piatek
3894,975,Czwartek
3895,975,Poniedzialek
3896,975,Wtorek
3897,975,Piatek
3898,975,Niedziela
3899,975,Sobota
3900,975,Sroda
3901,976,Niedziela
3902,976,Poniedzialek
3903,976,Czwartek
3904,976,Sobota
3905,976,Sroda
3906,976,Piatek
3907,976,Wtorek
3908,977,Niedziela
3909,977,Poniedzialek
3910,977,Czwartek
3911,977,Sobota
3912,977,Wtorek
3913,978,Sobota
3914,978,Czwartek
3915,978,Sroda
3916,978,Piatek
3917,978,Niedziela
3918,978,Wtorek
3919,978,Poniedzialek
3920,979,Piatek
3921,979,Sobota
3922,979,Sroda
3923,979,Poniedzialek
3924,979,Czwartek
3925,979,Niedziela
3926,980,Wtorek
3927,980,Poniedzialek
3928,981,Czwartek
3929,981,Sroda
3930,982,Wtorek
3931,982,Piatek
3932,982,Sobota
3933,982,Niedziela
3934,982,Czwartek
3935,982,Sroda
3936,982,Poniedzialek
3937,983,Czwartek
3938,984,Wtorek
3939,984,Sobota
3940,984,Poniedzialek
3941,984,Czwartek
3942,984,Niedziela
3943,984,Sroda
3944,984,Piatek
3945,985,Sroda
3946,986,Wtorek
3947,986,Poniedzialek
3948,986,Sroda
3949,986,Niedziela
3950,986,Czwartek
3951,986,Piatek
3952,986,Sobota
3953,987,Sobota
3954,987,Czwartek
3955,987,Sroda
3956,987,Piatek
3957,987,Poniedzialek
3958,987,Wtorek
3959,988,Niedziela
3960,988,Piatek
3961,988,Sroda
3962,988,Wtorek
3963,988,Czwartek
3964,988,Poniedzialek
3965,988,Sobota
3966,989,Piatek
3967,990,Piatek
3968,990,Sobota
3969,990,Czwartek
3970,990,Wtorek
3971,990,Niedziela
3972,991,Niedziela
3973,992,Sobota
3974,992,Niedziela
3975,992,Czwartek
3976,992,Piatek
3977,992,Poniedzialek
3978,992,Sroda
3979,993,Sobota
3980,993,Wtorek
3981,993,Czwartek
3982,993,Sroda
3983,994,Poniedzialek
3984,994,Sroda
3985,994,Wtorek
3986,994,Czwartek
3987,994,Piatek
3988,994,Niedziela
3989,994,Sobota
3990,995,Piatek
3991,995,Czwartek
3992,995,Wtorek
3993,995,Sobota
3994,995,Poniedzialek
3995,995,Sroda
3996,995,Niedziela
3997,996,Niedziela
3998,996,Sroda
3999,996,Czwartek
4000,997,Niedziela
4001,997,Czwartek
4002,998,Sobota
4003,998,Sroda
4004,999,Sroda
4005,999,Wtorek
4006,999,Sobota
4007,999,Piatek
4008,999,Czwartek
4009,999,Poniedzialek
4010,999,Niedziela
4011,1000,Wtorek
4012,1000,Sobota
4013,1000,Sroda
4014,1000,Poniedzialek
4015,1000,Piatek
4016,1000,Czwartek
4017,1001,Niedziela
4018,1001,Czwartek
4019,1001,Piatek
4020,1001,Sobota
4021,1001,Sroda
4022,1002,Poniedzialek
4023,1002,Piatek
4024,1003,Sroda
4025,1003,Czwartek
4026,1003,Piatek
4027,1003,Poniedzialek
4028,1003,Niedziela
4029,1003,Wtorek
4030,1004,Piatek
4031,1004,Czwartek
4032,1004,Sobota
4033,1004,Wtorek
4034,1004,Sroda
4035,1005,Niedziela
4036,1006,Sobota
4037,1006,Czwartek
4038,1006,Poniedzialek
4039,1006,Niedziela
4040,1007,Sroda
4041,1007,Niedziela
4042,1007,Wtorek
4043,1007,Czwartek
4044,1007,Poniedzialek
4045,1008,Niedziela
4046,1008,Poniedzialek
4047,1008,Piatek
4048,1008,Czwartek
4049,1008,Wtorek
4050,1008,Sroda
4051,1008,Sobota
4052,1009,Piatek
4053,1009,Poniedzialek
4054,1010,Sobota
4055,1010,Poniedzialek
4056,1010,Wtorek
4057,1010,Sroda
4058,1010,Czwartek
4059,1011,Wtorek
4060,1011,Piatek
4061,1011,Poniedzialek
4062,1011,Sobota
4063,1012,Sroda
4064,1013,Poniedzialek
4065,1013,Piatek
4066,1013,Niedziela
4067,1013,Wtorek
4068,1013,Sobota
4069,1013,Czwartek
4070,1013,Sroda
4071,1014,Czwartek
4072,1014,Wtorek
4073,1014,Sroda
4074,1015,Piatek
4075,1015,Niedziela
4076,1015,Poniedzialek
4077,1015,Sobota
4078,1015,Sroda
4079,1015,Wtorek
4080,1015,Czwartek
4081,1016,Wtorek
4082,1016,Piatek
4083,1016,Czwartek
4084,1016,Sroda
4085,1016,Poniedzialek
4086,1017,Piatek
4087,1018,Sroda
4088,1018,Poniedzialek
4089,1018,Niedziela
4090,1019,Czwartek
4091,1019,Sroda
4092,1019,Niedziela
4093,1019,Sobota
4094,1019,Wtorek
4095,1019,Piatek
4096,1019,Poniedzialek
4097,1020,Czwartek
4098,1020,Sroda
4099,1020,Wtorek
4100,1020,Piatek
4101,1020,Poniedzialek
4102,1020,Sobota
4103,1020,Niedziela
4104,1021,Sroda
4105,1021,Wtorek
4106,1022,Piatek
4107,1022,Poniedzialek
4108,1022,Niedziela
4109,1022,Czwartek
4110,1023,Piatek
4111,1023,Wtorek
4112,1023,Poniedzialek
4113,1024,Wtorek
4114,1024,Piatek
4115,1025,Czwartek
4116,1025,Sroda
4117,1025,Sobota
4118,1025,Niedziela
4119,1025,Poniedzialek
4120,1025,Wtorek
4121,1025,Piatek
4122,1026,Sroda
4123,1026,Piatek
4124,1026,Poniedzialek
4125,1027,Sroda
4126,1027,Wtorek
4127,1027,Piatek
4128,1027,Sobota
4129,1027,Czwartek
4130,1028,Poniedzialek
4131,1029,Poniedzialek
4132,1029,Wtorek
4133,1029,Czwartek
4134,1029,Piatek
4135,1029,Sroda
4136,1030,Sobota
4137,1030,Czwartek
4138,1031,Wtorek
4139,1031,Poniedzialek
4140,1031,Piatek
4141,1031,Niedziela
4142,1031,Sobota
4143,1032,Niedziela
4144,1032,Poniedzialek
4145,1032,Piatek
4146,1032,Sobota
4147,1032,Wtorek
4148,1032,Czwartek
4149,1033,Poniedzialek
4150,1034,Wtorek
4151,1034,Czwartek
4152,1034,Niedziela
4153,1034,Sobota
4154,1035,Wtorek
4155,1036,Poniedzialek
4156,1036,Sobota
4157,1036,Niedziela
4158,1036,Piatek
4159,1037,Wtorek
4160,1037,Sobota
4161,1037,Piatek
4162,1037,Niedziela
4163,1038,Niedziela
4164,1039,Czwartek
4165,1040,Sroda
4166,1041,Sobota
4167,1041,Czwartek
4168,1041,Wtorek
4169,1041,Niedziela
4170,1041,Piatek
4171,1041,Sroda
4172,1042,Niedziela
4173,1042,Piatek
4174,1042,Sroda
4175,1042,Sobota
4176,1042,Czwartek
4177,1042,Wtorek
4178,1042,Poniedzialek
4179,1043,Czwartek
4180,1043,Niedziela
4181,1044,Czwartek
4182,1044,Niedziela
4183,1044,Poniedzialek
4184,1044,Sobota
4185,1044,Wtorek
4186,1044,Piatek
4187,1044,Sroda
4188,1045,Czwartek
4189,1045,Niedziela
4190,1045,Poniedzialek
4191,1045,Sroda
4192,1045,Wtorek
4193,1045,Piatek
4194,1046,Czwartek
4195,1046,Niedziela
4196,1046,Poniedzialek
4197,1046,Piatek
4198,1046,Wtorek
4199,1046,Sobota
4200,1046,Sroda
4201,1047,Sroda
4202,1047,Sobota
4203,1047,Piatek
4204,1047,Czwartek
4205,1048,Niedziela
4206,1048,Poniedzialek
4207,1048,Sroda
4208,1048,Piatek
4209,1049,Sroda
4210,1049,Poniedzialek
4211,1049,Sobota
4212,1049,Wtorek
4213,1049,Niedziela
4214,1049,Czwartek
4215,1049,Piatek
4216,1050,Sroda
4217,1050,Sobota
4218,1050,Piatek
4219,1050,Wtorek
4220,1051,Czwartek
4221,1051,Poniedzialek
4222,1051,Wtorek
4223,1051,Sroda
4224,1051,Niedziela
4225,1051,Piatek
4226,1052,Piatek
4227,1052,Sroda
4228,1053,Wtorek
4229,1054,Piatek
4230,1055,Sobota
4231,1056,Czwartek
4232,1056,Sroda
4233,1056,Poniedzialek
4234,1056,Piatek
4235,1057,Piatek
4236,1057,Wtorek
4237,1057,Sobota
4238,1057,Poniedzialek
4239,1057,Sroda
4240,1057,Niedziela
4241,1057,Czwartek
4242,1058,Sroda
4243,1058,Czwartek
4244,1058,Poniedzialek
4245,1058,Wtorek
4246,1059,Poniedzialek
4247,1059,Sroda
4248,1059,Czwartek
4249,1059,Wtorek
4250,1059,Niedziela
4251,1060,Niedziela
4252,1061,Sobota
4253,1061,Niedziela
4254,1061,Poniedzialek
4255,1061,Wtorek
4256,1062,Sroda
4257,1062,Piatek
4258,1062,Wtorek
4259,1062,Czwartek
4260,1063,Piatek
4261,1063,Czwartek
4262,1063,Poniedzialek
4263,1063,Wtorek
4264,1063,Sobota
4265,1064,Piatek
4266,1064,Niedziela
4267,1064,Wtorek
4268,1064,Sroda
4269,1064,Czwartek
4270,1064,Poniedzialek
4271,1065,Sobota
4272,1065,Niedziela
4273,1065,Sroda
4274,1065,Wtorek
4275,1065,Czwartek
4276,1065,Piatek
4277,1065,Poniedzialek
4278,1066,Sobota
4279,1066,Czwartek
4280,1066,Wtorek
4281,1066,Sroda
4282,1067,Niedziela
4283,1067,Sobota
4284,1068,Sroda
4285,1069,Sroda
4286,1069,Niedziela
4287,1069,Czwartek
4288,1069,Piatek
4289,1069,Poniedzialek
4290,1070,Sroda
4291,1070,Niedziela
4292,1070,Piatek
4293,1071,Czwartek
4294,1071,Sroda
4295,1071,Niedziela
4296,1071,Piatek
4297,1071,Poniedzialek
4298,1071,Wtorek
4299,1071,Sobota
4300,1072,Wtorek
4301,1072,Piatek
4302,1072,Sroda
4303,1073,Poniedzialek
4304,1073,Wtorek
4305,1073,Sroda
4306,1073,Czwartek
4307,1073,Piatek
4308,1073,Niedziela
4309,1074,Sroda
4310,1074,Wtorek
4311,1074,Niedziela
4312,1074,Piatek
4313,1075,Czwartek
4314,1075,Niedziela
4315,1076,Sroda
4316,1076,Piatek
4317,1076,Czwartek
4318,1077,Sroda
4319,1078,Sobota
4320,1078,Poniedzialek
4321,1079,Sobota
4322,1079,Wtorek
4323,1079,Poniedzialek
4324,1079,Sroda
4325,1080,Piatek
4326,1080,Czwartek
4327,1080,Sroda
4328,1080,Niedziela
4329,1080,Poniedzialek
4330,1081,Sroda
4331,1081,Sobota
4332,1082,Piatek
4333,1083,Poniedzialek
4334,1083,Niedziela
4335,1083,Wtorek
4336,1084,Czwartek
4337,1084,Niedziela
4338,1084,Poniedzialek
4339,1084,Piatek
4340,1085,Sroda
4341,1086,Niedziela
4342,1086,Piatek
4343,1087,Poniedzialek
4344,1087,Niedziela
4345,1087,Czwartek
4346,1087,Sobota
4347,1087,Piatek
4348,1088,Sroda
4349,1088,Piatek
