id_opiekuna,id_dziecko,Imie,Nazwisko,Plec,data_urodzenia,adres,kod pocztowy,status zamieszkania,numer telefonu,mail,wyksztalcenie,kraj pochodzenia
1,1,Ardys,METZNER,M,1952-12-05 00:00:00,tu mieszkam,88-100,Miasto,8889,@mail.com,Wyzsze,Poland
2,2,Debor,KNOTEK,K,1972-08-03 00:00:00,tu mieszkam,88-100,Wies,8889,@mail.com,Wyzsze,Poland
3,3,Deloria,LOZANO,K,1998-06-19 00:00:00,tu mieszkam,88-100,Wies,8889,@mail.com,Wyzsze,Poland
4,4,Valentia,RUBEL,M,1979-12-21 00:00:00,tu mieszkam,88-100,Duze miasto,8889,@mail.com,Wyzsze,Poland
5,5,Rori,MATHUS,M,1991-12-18 00:00:00,tu mieszkam,88-100,Wies,8889,@mail.com,Wyzsze,Poland
6,6,Bambi,BUTCH,K,1965-11-27 00:00:00,tu mieszkam,88-100,Miasto,8889,@mail.com,Zasadnicze,Poland
7,7,Diena,EGNOR,I,1987-12-15 00:00:00,tu mieszkam,88-100,Duze miasto,8889,@mail.com,Zasadnicze,Poland
8,8,Blinny,BERSCHAUER,M,1969-01-10 00:00:00,tu mieszkam,88-100,Miasto,8889,@mail.com,Nizsze,Poland
9,9,Ameline,PINA,K,1990-05-05 00:00:00,tu mieszkam,88-100,Wies,8889,@mail.com,Wyzsze,Poland
10,10,Molli,TOMASKO,M,1978-11-27 00:00:00,tu mieszkam,88-100,Miasto,8889,@mail.com,Nizsze,Poland
11,11,Kayla,TABET,K,1975-05-25 00:00:00,tu mieszkam,88-100,Miasto,8889,@mail.com,Nizsze,Poland
12,12,Min,WEDD,M,1970-09-01 00:00:00,tu mieszkam,88-100,Duze miasto,8889,@mail.com,Zasadnicze,Poland
13,13,Estell,DINIZIO,M,1971-02-03 00:00:00,tu mieszkam,88-100,Duze miasto,8889,@mail.com,Wyzsze,Poland
14,14,Lisa,BURNHAM,K,1983-06-12 00:00:00,tu mieszkam,88-100,Wies,8889,@mail.com,Zasadnicze,Poland
15,15,Christi,NEER,K,1962-09-06 00:00:00,tu mieszkam,88-100,Wies,8889,@mail.com,Nizsze,Poland
16,16,Shandeigh,ADDISON,M,1989-12-28 00:00:00,tu mieszkam,88-100,Wies,8889,@mail.com,Zasadnicze,Poland
17,17,Ameline,JARRETTE,M,1979-12-11 00:00:00,tu mieszkam,88-100,Duze miasto,8889,@mail.com,Zasadnicze,Poland
18,18,Marji,HULLETT,M,1979-03-15 00:00:00,tu mieszkam,88-100,Miasto,8889,@mail.com,Wyzsze,Poland
19,19,Johnette,STEINBACH,M,1981-05-11 00:00:00,tu mieszkam,88-100,Miasto,8889,@mail.com,Nizsze,Poland
20,20,Carlotta,LAMKIN,K,1961-06-18 00:00:00,tu mieszkam,88-100,Miasto,8889,@mail.com,Wyzsze,Poland
21,21,Leese,ROTHWEILER,I,1958-03-14 00:00:00,tu mieszkam,88-100,Wies,8889,@mail.com,Nizsze,Poland
22,22,Maridel,WINDSCHITL,M,1985-04-14 00:00:00,tu mieszkam,88-100,Wies,8889,@mail.com,Zasadnicze,Poland
23,23,Gisella,LAUSENG,K,1963-12-26 00:00:00,tu mieszkam,88-100,Wies,8889,@mail.com,Wyzsze,Poland
24,24,Carla,SUPNET,K,1956-10-01 00:00:00,tu mieszkam,88-100,Duze miasto,8889,@mail.com,Wyzsze,Poland
25,25,Prisca,CERCHIA,K,1963-10-19 00:00:00,tu mieszkam,88-100,Miasto,8889,@mail.com,Wyzsze,Poland
26,26,Rozele,DEC,M,1962-11-30 00:00:00,tu mieszkam,88-100,Duze miasto,8889,@mail.com,Nizsze,Poland
27,27,Fanni,KHATIB,M,1967-09-19 00:00:00,tu mieszkam,88-100,Miasto,8889,@mail.com,Wyzsze,Poland
28,28,Roxana,CAYNE,K,1971-10-06 00:00:00,tu mieszkam,88-100,Wies,8889,@mail.com,Wyzsze,Poland
29,29,Margarette,ROTRAMEL,M,1989-08-21 00:00:00,tu mieszkam,88-100,Miasto,8889,@mail.com,Zasadnicze,Poland
30,30,Shanie,MCGUIRL,M,1976-05-12 00:00:00,tu mieszkam,88-100,Wies,8889,@mail.com,Nizsze,Poland
31,31,Becky,REND,K,1997-10-14 00:00:00,tu mieszkam,88-100,Wies,8889,@mail.com,Wyzsze,Poland
32,32,Cody,MICHELOTTI,M,1977-10-12 00:00:00,tu mieszkam,88-100,Miasto,8889,@mail.com,Nizsze,Poland
33,33,Eden,BACHNER,M,1951-12-25 00:00:00,tu mieszkam,88-100,Miasto,8889,@mail.com,Nizsze,Poland
34,34,Brandi,ELGERT,K,1970-09-28 00:00:00,tu mieszkam,88-100,Wies,8889,@mail.com,Wyzsze,Poland
35,35,Arlie,GOLDY,K,1961-08-28 00:00:00,tu mieszkam,88-100,Duze miasto,8889,@mail.com,Zasadnicze,Poland
36,36,Kailey,SEDENKO,M,1966-10-02 00:00:00,tu mieszkam,88-100,Duze miasto,8889,@mail.com,Zasadnicze,Poland
37,37,Millisent,NIEDZWIEDZKI,M,1995-12-15 00:00:00,tu mieszkam,88-100,Duze miasto,8889,@mail.com,Wyzsze,Poland
38,38,Krysta,HOBELL,K,1983-08-19 00:00:00,tu mieszkam,88-100,Miasto,8889,@mail.com,Wyzsze,Poland
39,39,Stephanie,MESERVY,M,1979-05-31 00:00:00,tu mieszkam,88-100,Miasto,8889,@mail.com,Wyzsze,Poland
40,40,Daisi,RUBEO,K,1988-02-06 00:00:00,tu mieszkam,88-100,Duze miasto,8889,@mail.com,Zasadnicze,Poland
41,41,Marget,SHABAZZ,M,1970-06-27 00:00:00,tu mieszkam,88-100,Miasto,8889,@mail.com,Wyzsze,Poland
42,42,Harriot,TRIFFO,M,1959-07-13 00:00:00,tu mieszkam,88-100,Wies,8889,@mail.com,Zasadnicze,Poland
43,43,Roxane,FURUBOTTEN,K,1952-07-21 00:00:00,tu mieszkam,88-100,Miasto,8889,@mail.com,Zasadnicze,Poland
44,44,Julianna,LOKKEN,K,1951-05-03 00:00:00,tu mieszkam,88-100,Miasto,8889,@mail.com,Zasadnicze,Poland
45,45,Raynell,MARCINKIEWICZ,M,1961-04-03 00:00:00,tu mieszkam,88-100,Miasto,8889,@mail.com,Wyzsze,Poland
46,46,Nikoletta,GOCHETT,I,1977-10-06 00:00:00,tu mieszkam,88-100,Duze miasto,8889,@mail.com,Zasadnicze,Poland
47,47,Idette,SINGSON,M,1986-12-19 00:00:00,tu mieszkam,88-100,Miasto,8889,@mail.com,Wyzsze,Poland
48,48,Tildy,ROOS,M,1970-06-05 00:00:00,tu mieszkam,88-100,Wies,8889,@mail.com,Nizsze,Poland
49,49,Melba,FERRARA,M,1954-11-27 00:00:00,tu mieszkam,88-100,Wies,8889,@mail.com,Wyzsze,Poland
50,50,Karia,KICKER,M,1991-04-05 00:00:00,tu mieszkam,88-100,Duze miasto,8889,@mail.com,Nizsze,Poland
51,51,Mamie,KUSKY,K,1960-04-29 00:00:00,tu mieszkam,88-100,Wies,8889,@mail.com,Wyzsze,Poland
52,52,Konstanze,LEESE,M,1997-08-16 00:00:00,tu mieszkam,88-100,Duze miasto,8889,@mail.com,Nizsze,Poland
53,53,Jean,ETHEN,K,1960-01-12 00:00:00,tu mieszkam,88-100,Duze miasto,8889,@mail.com,Wyzsze,Poland
54,54,Winne,INNES,K,1955-03-01 00:00:00,tu mieszkam,88-100,Miasto,8889,@mail.com,Wyzsze,Poland
55,55,Giulia,PROSS,K,1949-01-18 00:00:00,tu mieszkam,88-100,Miasto,8889,@mail.com,Nizsze,Poland
56,56,Raye,PECA,M,1998-10-24 00:00:00,tu mieszkam,88-100,Wies,8889,@mail.com,Wyzsze,Poland
57,57,Jerrylee,POMPEY,M,1979-11-18 00:00:00,tu mieszkam,88-100,Duze miasto,8889,@mail.com,Wyzsze,Poland
58,58,Phillie,ZUCHOWSKI,K,1995-05-14 00:00:00,tu mieszkam,88-100,Miasto,8889,@mail.com,Nizsze,Poland
59,59,Rozina,WINKELJOHN,K,1956-12-15 00:00:00,tu mieszkam,88-100,Wies,8889,@mail.com,Wyzsze,Poland
60,60,Myrtle,STOCKLEY,M,1975-06-27 00:00:00,tu mieszkam,88-100,Duze miasto,8889,@mail.com,Wyzsze,Poland
61,61,Ramona,BURNS,M,1987-10-10 00:00:00,tu mieszkam,88-100,Duze miasto,8889,@mail.com,Wyzsze,Poland
62,62,Fancie,QUERO,M,1998-08-28 00:00:00,tu mieszkam,88-100,Miasto,8889,@mail.com,Nizsze,Poland
63,63,Angele,HUGUENIN,M,1983-10-01 00:00:00,tu mieszkam,88-100,Miasto,8889,@mail.com,Nizsze,Poland
64,64,Cherilyn,SKEES,K,1973-06-02 00:00:00,tu mieszkam,88-100,Wies,8889,@mail.com,Wyzsze,Poland
65,65,Sibyl,SITTS,M,1971-11-01 00:00:00,tu mieszkam,88-100,Wies,8889,@mail.com,Nizsze,Poland
66,66,Dian,COHILL,K,1970-10-17 00:00:00,tu mieszkam,88-100,Duze miasto,8889,@mail.com,Wyzsze,Poland
67,67,Shay,NEVILS,K,1998-04-04 00:00:00,tu mieszkam,88-100,Duze miasto,8889,@mail.com,Wyzsze,Poland
68,68,Andeee,BORNEMAN,M,1990-08-26 00:00:00,tu mieszkam,88-100,Miasto,8889,@mail.com,Zasadnicze,Poland
69,69,Stephana,RODRIQUZ,M,1969-04-22 00:00:00,tu mieszkam,88-100,Miasto,8889,@mail.com,Zasadnicze,Poland
70,70,Monica,IGNACIO,K,1974-03-24 00:00:00,tu mieszkam,88-100,Miasto,8889,@mail.com,Zasadnicze,Poland
71,71,Marcelle,ORAVEC,K,1980-03-29 00:00:00,tu mieszkam,88-100,Duze miasto,8889,@mail.com,Nizsze,Poland
72,72,Leland,TROCCHIO,K,1987-04-11 00:00:00,tu mieszkam,88-100,Miasto,8889,@mail.com,Nizsze,Poland
73,73,Charlene,BURKLY,I,1976-03-18 00:00:00,tu mieszkam,88-100,Wies,8889,@mail.com,Zasadnicze,Poland
74,74,Doll,CARROW,M,1980-08-23 00:00:00,tu mieszkam,88-100,Miasto,8889,@mail.com,Wyzsze,Poland
75,75,Madelyn,BENSMAN,M,1971-09-04 00:00:00,tu mieszkam,88-100,Miasto,8889,@mail.com,Nizsze,Poland
76,76,Phillie,RIEFFER,M,1988-01-03 00:00:00,tu mieszkam,88-100,Duze miasto,8889,@mail.com,Wyzsze,Poland
77,77,Annabella,BASORE,M,1971-01-29 00:00:00,tu mieszkam,88-100,Duze miasto,8889,@mail.com,Zasadnicze,Poland
78,78,Jaquelin,BUZZELLI,M,1990-12-19 00:00:00,tu mieszkam,88-100,Miasto,8889,@mail.com,Nizsze,Poland
79,79,Valli,MONTONEY,M,1968-01-27 00:00:00,tu mieszkam,88-100,Wies,8889,@mail.com,Zasadnicze,Poland
80,80,Charmion,SASHINGTON,M,1960-11-19 00:00:00,tu mieszkam,88-100,Wies,8889,@mail.com,Zasadnicze,Poland
81,81,Sarena,MARINOS,K,1998-07-19 00:00:00,tu mieszkam,88-100,Duze miasto,8889,@mail.com,Wyzsze,Poland
82,82,Sile,MOOMAW,M,1958-06-28 00:00:00,tu mieszkam,88-100,Wies,8889,@mail.com,Zasadnicze,Poland
83,83,Linzy,LINDELOF,K,1968-04-24 00:00:00,tu mieszkam,88-100,Miasto,8889,@mail.com,Wyzsze,Poland
84,84,Augusta,DANSER,K,1953-12-31 00:00:00,tu mieszkam,88-100,Miasto,8889,@mail.com,Nizsze,Poland
85,85,Mirabelle,HAUGHNEY,M,1954-07-24 00:00:00,tu mieszkam,88-100,Duze miasto,8889,@mail.com,Wyzsze,Poland
86,86,Laure,DRIGGS,M,1986-01-21 00:00:00,tu mieszkam,88-100,Duze miasto,8889,@mail.com,Zasadnicze,Poland
87,87,Veronique,HILOVSKY,K,1981-03-29 00:00:00,tu mieszkam,88-100,Wies,8889,@mail.com,Nizsze,Poland
88,88,Claresta,HALDEMAN,M,1954-11-28 00:00:00,tu mieszkam,88-100,Duze miasto,8889,@mail.com,Wyzsze,Poland
89,89,Giorgia,LOFGREN,K,1973-08-29 00:00:00,tu mieszkam,88-100,Miasto,8889,@mail.com,Wyzsze,Poland
90,90,Trudie,GOOKIN,M,1991-01-17 00:00:00,tu mieszkam,88-100,Wies,8889,@mail.com,Nizsze,Poland
91,91,Chandra,ZIPPE,K,1973-01-26 00:00:00,tu mieszkam,88-100,Miasto,8889,@mail.com,Zasadnicze,Poland
92,92,Aurore,SHELBURN,M,1995-03-01 00:00:00,tu mieszkam,88-100,Miasto,8889,@mail.com,Zasadnicze,Poland
93,93,Edin,PARFITT,K,1959-05-03 00:00:00,tu mieszkam,88-100,Wies,8889,@mail.com,Nizsze,Poland
94,94,Kassia,KINCHEN,M,1971-07-07 00:00:00,tu mieszkam,88-100,Wies,8889,@mail.com,Nizsze,Poland
95,95,Estella,HENRIE,K,1956-09-02 00:00:00,tu mieszkam,88-100,Miasto,8889,@mail.com,Nizsze,Poland
96,96,Drusilla,JETTE,K,1992-10-16 00:00:00,tu mieszkam,88-100,Duze miasto,8889,@mail.com,Nizsze,Poland
97,97,Arabel,DOXTATER,K,1950-07-11 00:00:00,tu mieszkam,88-100,Duze miasto,8889,@mail.com,Nizsze,Poland
98,98,Marisa,GOINES,K,1956-07-13 00:00:00,tu mieszkam,88-100,Miasto,8889,@mail.com,Zasadnicze,Poland
99,99,Janenna,SKARE,M,1967-02-16 00:00:00,tu mieszkam,88-100,Miasto,8889,@mail.com,Zasadnicze,Poland
100,100,Blair,SWIECH,M,1962-11-01 00:00:00,tu mieszkam,88-100,Miasto,8889,@mail.com,Wyzsze,Poland
101,101,Dorothea,GOIST,M,1966-07-03 00:00:00,tu mieszkam,88-100,Miasto,8889,@mail.com,Zasadnicze,Poland
102,102,Lida,HURLBUTT,K,1961-12-13 00:00:00,tu mieszkam,88-100,Miasto,8889,@mail.com,Zasadnicze,Poland
103,103,Michelle,FERRALES,K,1995-12-10 00:00:00,tu mieszkam,88-100,Duze miasto,8889,@mail.com,Nizsze,Poland
104,104,Kirbie,KIYUNA,M,1966-02-19 00:00:00,tu mieszkam,88-100,Miasto,8889,@mail.com,Nizsze,Poland
105,105,Nelle,HOKANSON,M,1954-05-30 00:00:00,tu mieszkam,88-100,Miasto,8889,@mail.com,Nizsze,Poland
106,106,Rosa,SPIOTTA,M,1984-12-02 00:00:00,tu mieszkam,88-100,Wies,8889,@mail.com,Wyzsze,Poland
107,107,Ashley,RECH,K,1966-04-24 00:00:00,tu mieszkam,88-100,Wies,8889,@mail.com,Zasadnicze,Poland
108,108,Sela,SLARK,M,1976-06-17 00:00:00,tu mieszkam,88-100,Wies,8889,@mail.com,Nizsze,Poland
109,109,Olly,KOERNER,K,1973-10-19 00:00:00,tu mieszkam,88-100,Wies,8889,@mail.com,Nizsze,Poland
110,110,Roch,WOLTERS,K,1975-06-19 00:00:00,tu mieszkam,88-100,Duze miasto,8889,@mail.com,Nizsze,Poland
111,111,Lulu,VALERIANO,M,1951-01-10 00:00:00,tu mieszkam,88-100,Duze miasto,8889,@mail.com,Wyzsze,Poland
112,112,Tine,DEON,K,1981-11-19 00:00:00,tu mieszkam,88-100,Wies,8889,@mail.com,Zasadnicze,Poland
113,113,Darice,GANES,K,1968-07-22 00:00:00,tu mieszkam,88-100,Miasto,8889,@mail.com,Wyzsze,Poland
114,114,Cynthy,EGLOFF,M,1994-05-25 00:00:00,tu mieszkam,88-100,Duze miasto,8889,@mail.com,Wyzsze,Poland
115,115,Dorita,NARAYANAN,K,1957-09-28 00:00:00,tu mieszkam,88-100,Duze miasto,8889,@mail.com,Wyzsze,Poland
116,116,Ferdinande,KLEMISCH,M,1968-07-14 00:00:00,tu mieszkam,88-100,Wies,8889,@mail.com,Nizsze,Poland
117,117,Edi,BENINATI,K,1955-02-14 00:00:00,tu mieszkam,88-100,Wies,8889,@mail.com,Nizsze,Poland
118,118,Wilma,SILLITOE,K,1976-12-30 00:00:00,tu mieszkam,88-100,Duze miasto,8889,@mail.com,Zasadnicze,Poland
119,119,Ada,MCCLENAGHAN,M,1982-03-26 00:00:00,tu mieszkam,88-100,Duze miasto,8889,@mail.com,Wyzsze,Poland
120,120,Ettie,OLWIN,M,1990-03-23 00:00:00,tu mieszkam,88-100,Duze miasto,8889,@mail.com,Wyzsze,Poland
121,121,Vale,CUNINGHAM,M,1972-09-07 00:00:00,tu mieszkam,88-100,Wies,8889,@mail.com,Zasadnicze,Poland
122,122,Karola,GOTSCHE,M,1997-03-17 00:00:00,tu mieszkam,88-100,Miasto,8889,@mail.com,Nizsze,Poland
123,123,Sonni,LESSIN,K,1967-08-01 00:00:00,tu mieszkam,88-100,Duze miasto,8889,@mail.com,Nizsze,Poland
124,124,Kerrie,SEEBACH,M,1975-07-05 00:00:00,tu mieszkam,88-100,Duze miasto,8889,@mail.com,Nizsze,Poland
125,125,Ellynn,PLANCARTE,M,1949-07-23 00:00:00,tu mieszkam,88-100,Duze miasto,8889,@mail.com,Wyzsze,Poland
126,126,Leonie,FINKLEY,K,1977-03-26 00:00:00,tu mieszkam,88-100,Duze miasto,8889,@mail.com,Zasadnicze,Poland
127,127,Loutitia,ANGERER,M,1953-10-25 00:00:00,tu mieszkam,88-100,Miasto,8889,@mail.com,Wyzsze,Poland
128,128,Veronika,MONGRAIN,M,1978-09-16 00:00:00,tu mieszkam,88-100,Wies,8889,@mail.com,Zasadnicze,Poland
129,129,Carmella,SHOLTY,M,1950-06-07 00:00:00,tu mieszkam,88-100,Miasto,8889,@mail.com,Zasadnicze,Poland
130,130,Nichol,SADEN,M,1958-08-11 00:00:00,tu mieszkam,88-100,Miasto,8889,@mail.com,Wyzsze,Poland
131,131,Bonni,MIQUELON,K,1966-10-20 00:00:00,tu mieszkam,88-100,Miasto,8889,@mail.com,Zasadnicze,Poland
132,132,Cristionna,STIRK,K,1964-11-22 00:00:00,tu mieszkam,88-100,Duze miasto,8889,@mail.com,Nizsze,Poland
133,133,Laraine,TUSHOSKI,M,1981-01-30 00:00:00,tu mieszkam,88-100,Miasto,8889,@mail.com,Zasadnicze,Poland
134,134,Claudetta,KOMAR,K,1955-12-25 00:00:00,tu mieszkam,88-100,Miasto,8889,@mail.com,Zasadnicze,Poland
135,135,Brittani,NADELL,M,1964-12-24 00:00:00,tu mieszkam,88-100,Miasto,8889,@mail.com,Wyzsze,Poland
136,136,Sheryl,COLORINA,M,1977-12-30 00:00:00,tu mieszkam,88-100,Duze miasto,8889,@mail.com,Nizsze,Poland
137,137,Pam,FOUGHT,I,1959-04-28 00:00:00,tu mieszkam,88-100,Wies,8889,@mail.com,Nizsze,Poland
138,138,Janith,SEAGO,M,1974-05-13 00:00:00,tu mieszkam,88-100,Miasto,8889,@mail.com,Zasadnicze,Poland
139,139,Bill,SCELBA,M,1987-02-08 00:00:00,tu mieszkam,88-100,Duze miasto,8889,@mail.com,Nizsze,Poland
140,140,Lynnelle,LUCZKI,M,1966-05-01 00:00:00,tu mieszkam,88-100,Miasto,8889,@mail.com,Wyzsze,Poland
141,141,Kalina,CHERNY,K,1985-06-09 00:00:00,tu mieszkam,88-100,Duze miasto,8889,@mail.com,Wyzsze,Poland
142,142,Jesselyn,KOCHER,M,1972-05-07 00:00:00,tu mieszkam,88-100,Miasto,8889,@mail.com,Nizsze,Poland
143,143,Carole,WHITFILL,M,1985-04-20 00:00:00,tu mieszkam,88-100,Miasto,8889,@mail.com,Nizsze,Poland
144,144,Annabelle,AMPHY,K,1997-05-12 00:00:00,tu mieszkam,88-100,Wies,8889,@mail.com,Wyzsze,Poland
145,145,Delinda,BAYANI,M,1967-03-19 00:00:00,tu mieszkam,88-100,Duze miasto,8889,@mail.com,Zasadnicze,Poland
146,146,Gilli,SULESKI,K,1960-08-03 00:00:00,tu mieszkam,88-100,Miasto,8889,@mail.com,Zasadnicze,Poland
147,147,Daphne,TASKER,K,1989-03-18 00:00:00,tu mieszkam,88-100,Miasto,8889,@mail.com,Zasadnicze,Poland
148,148,Sarah,KINNON,K,1996-10-31 00:00:00,tu mieszkam,88-100,Miasto,8889,@mail.com,Nizsze,Poland
149,149,Krystle,BURGES,M,1972-12-17 00:00:00,tu mieszkam,88-100,Duze miasto,8889,@mail.com,Nizsze,Poland
150,150,Agnella,EICHINGER,M,1970-09-23 00:00:00,tu mieszkam,88-100,Wies,8889,@mail.com,Wyzsze,Poland
151,151,Phaidra,ZINIEWICZ,M,1969-03-09 00:00:00,tu mieszkam,88-100,Duze miasto,8889,@mail.com,Zasadnicze,Poland
152,152,Caitrin,DAROSA,K,1954-06-13 00:00:00,tu mieszkam,88-100,Duze miasto,8889,@mail.com,Nizsze,Poland
153,153,Dre,DECUIR,K,1990-07-30 00:00:00,tu mieszkam,88-100,Duze miasto,8889,@mail.com,Nizsze,Poland
154,154,Helaina,CHAMPAGNE,M,1955-12-31 00:00:00,tu mieszkam,88-100,Duze miasto,8889,@mail.com,Zasadnicze,Poland
155,155,Katti,GIEGERICH,K,1976-12-08 00:00:00,tu mieszkam,88-100,Miasto,8889,@mail.com,Wyzsze,Poland
156,156,Tiffany,GASS,K,1982-02-28 00:00:00,tu mieszkam,88-100,Miasto,8889,@mail.com,Wyzsze,Poland
157,157,Gracie,HENDRIE,K,1973-10-12 00:00:00,tu mieszkam,88-100,Wies,8889,@mail.com,Zasadnicze,Poland
158,158,Magda,RENELL,K,1987-08-06 00:00:00,tu mieszkam,88-100,Miasto,8889,@mail.com,Nizsze,Poland
159,159,Magdalene,ORENDER,M,1969-10-08 00:00:00,tu mieszkam,88-100,Wies,8889,@mail.com,Nizsze,Poland
160,160,Robinett,VASSELL,M,1988-04-23 00:00:00,tu mieszkam,88-100,Wies,8889,@mail.com,Nizsze,Poland
161,161,Michal,CASSETTY,M,1958-03-02 00:00:00,tu mieszkam,88-100,Miasto,8889,@mail.com,Wyzsze,Poland
162,162,Jodie,SKIBA,M,1971-06-27 00:00:00,tu mieszkam,88-100,Wies,8889,@mail.com,Wyzsze,Poland
163,163,Maggie,HOPPING,K,1977-10-13 00:00:00,tu mieszkam,88-100,Wies,8889,@mail.com,Nizsze,Poland
164,164,Amye,GIAGNI,M,1964-01-01 00:00:00,tu mieszkam,88-100,Miasto,8889,@mail.com,Wyzsze,Poland
165,165,Janela,GETTELMAN,I,1971-04-20 00:00:00,tu mieszkam,88-100,Wies,8889,@mail.com,Wyzsze,Poland
166,166,Nert,RIZVI,M,1978-05-15 00:00:00,tu mieszkam,88-100,Miasto,8889,@mail.com,Zasadnicze,Poland
167,167,Selie,POTENZA,M,1973-07-25 00:00:00,tu mieszkam,88-100,Wies,8889,@mail.com,Wyzsze,Poland
168,168,Karil,CHALENDER,M,1990-10-12 00:00:00,tu mieszkam,88-100,Wies,8889,@mail.com,Nizsze,Poland
169,169,Cari,WANAMAKER,K,1979-11-01 00:00:00,tu mieszkam,88-100,Duze miasto,8889,@mail.com,Zasadnicze,Poland
170,170,Aurelea,KOSTIUK,K,1991-10-03 00:00:00,tu mieszkam,88-100,Duze miasto,8889,@mail.com,Wyzsze,Poland
171,171,Charity,KIRKENDALL,M,1991-01-22 00:00:00,tu mieszkam,88-100,Wies,8889,@mail.com,Zasadnicze,Poland
172,172,Abbi,LOEHNER,M,1981-07-24 00:00:00,tu mieszkam,88-100,Wies,8889,@mail.com,Wyzsze,Poland
173,173,Sallee,AKSAMIT,K,1966-02-26 00:00:00,tu mieszkam,88-100,Duze miasto,8889,@mail.com,Nizsze,Poland
174,174,Georgeanne,GLAUE,K,1996-02-05 00:00:00,tu mieszkam,88-100,Duze miasto,8889,@mail.com,Zasadnicze,Poland
175,175,Gabbey,LORQUET,M,1963-12-26 00:00:00,tu mieszkam,88-100,Wies,8889,@mail.com,Nizsze,Poland
176,176,Minne,SHEPLEY,K,1988-01-24 00:00:00,tu mieszkam,88-100,Wies,8889,@mail.com,Wyzsze,Poland
177,177,Nelli,TOREY,M,1965-07-21 00:00:00,tu mieszkam,88-100,Wies,8889,@mail.com,Zasadnicze,Poland
178,178,Kevina,CHRETIEN,M,1950-08-19 00:00:00,tu mieszkam,88-100,Wies,8889,@mail.com,Zasadnicze,Poland
179,179,Gwennie,FROILAND,K,1953-03-22 00:00:00,tu mieszkam,88-100,Duze miasto,8889,@mail.com,Nizsze,Poland
180,180,Philly,RABENECK,M,1960-09-08 00:00:00,tu mieszkam,88-100,Duze miasto,8889,@mail.com,Wyzsze,Poland
181,181,Devina,ALDREDGE,M,1972-09-19 00:00:00,tu mieszkam,88-100,Wies,8889,@mail.com,Wyzsze,Poland
182,182,Marlee,TAUBE,M,1982-10-02 00:00:00,tu mieszkam,88-100,Wies,8889,@mail.com,Nizsze,Poland
183,183,Stormie,ERDAHL,M,1986-03-15 00:00:00,tu mieszkam,88-100,Wies,8889,@mail.com,Zasadnicze,Poland
184,184,Cher,KAWELL,M,1975-05-21 00:00:00,tu mieszkam,88-100,Duze miasto,8889,@mail.com,Nizsze,Poland
185,185,Ursala,EHRKE,K,1981-12-24 00:00:00,tu mieszkam,88-100,Wies,8889,@mail.com,Nizsze,Poland
186,186,Kimmy,GUEDJIAN,M,1984-09-05 00:00:00,tu mieszkam,88-100,Wies,8889,@mail.com,Wyzsze,Poland
187,187,Sharline,FASSIO,K,1989-01-30 00:00:00,tu mieszkam,88-100,Duze miasto,8889,@mail.com,Wyzsze,Poland
188,188,Tessa,MANDAP,M,1985-03-04 00:00:00,tu mieszkam,88-100,Wies,8889,@mail.com,Nizsze,Poland
189,189,Sheelagh,MULLINS,M,1983-04-25 00:00:00,tu mieszkam,88-100,Duze miasto,8889,@mail.com,Wyzsze,Poland
190,190,Easter,SHINDLEDECKER,M,1987-01-04 00:00:00,tu mieszkam,88-100,Wies,8889,@mail.com,Nizsze,Poland
191,191,Tallie,JOENS,K,1952-10-21 00:00:00,tu mieszkam,88-100,Miasto,8889,@mail.com,Zasadnicze,Poland
192,192,Laverne,TWIDDY,M,1999-01-15 00:00:00,tu mieszkam,88-100,Miasto,8889,@mail.com,Zasadnicze,Poland
193,193,Nolie,DRAHEIM,K,1952-07-15 00:00:00,tu mieszkam,88-100,Miasto,8889,@mail.com,Nizsze,Poland
194,194,Justinn,LIKOS,M,1956-10-11 00:00:00,tu mieszkam,88-100,Miasto,8889,@mail.com,Zasadnicze,Poland
195,195,Chelsea,KOCK,K,1981-02-05 00:00:00,tu mieszkam,88-100,Duze miasto,8889,@mail.com,Wyzsze,Poland
196,196,Brietta,VANLIER,M,1984-10-01 00:00:00,tu mieszkam,88-100,Duze miasto,8889,@mail.com,Nizsze,Poland
197,197,Jenine,FIERMAN,M,1988-08-23 00:00:00,tu mieszkam,88-100,Miasto,8889,@mail.com,Wyzsze,Poland
198,198,Bree,TODORA,K,1976-04-02 00:00:00,tu mieszkam,88-100,Miasto,8889,@mail.com,Zasadnicze,Poland
199,199,Rosemonde,VANKOTEN,M,1959-03-17 00:00:00,tu mieszkam,88-100,Duze miasto,8889,@mail.com,Zasadnicze,Poland
200,200,Sher,SIMER,M,1974-10-24 00:00:00,tu mieszkam,88-100,Miasto,8889,@mail.com,Zasadnicze,Poland
201,201,Erminie,HOUTS,K,1951-07-22 00:00:00,tu mieszkam,88-100,Miasto,8889,@mail.com,Nizsze,Poland
202,202,Jerrylee,GUDGER,K,1979-08-27 00:00:00,tu mieszkam,88-100,Miasto,8889,@mail.com,Wyzsze,Poland
203,203,Camellia,SKILTON,I,1975-01-27 00:00:00,tu mieszkam,88-100,Miasto,8889,@mail.com,Nizsze,Poland
204,204,Charissa,KUEHNHOLD,M,1984-12-04 00:00:00,tu mieszkam,88-100,Wies,8889,@mail.com,Wyzsze,Poland
205,205,Nanette,CUSIMANO,M,1997-02-28 00:00:00,tu mieszkam,88-100,Wies,8889,@mail.com,Nizsze,Poland
206,206,Yevette,BALDRIGE,M,1971-11-27 00:00:00,tu mieszkam,88-100,Duze miasto,8889,@mail.com,Zasadnicze,Poland
207,207,Zuzana,KAKAR,M,1996-09-23 00:00:00,tu mieszkam,88-100,Wies,8889,@mail.com,Zasadnicze,Poland
208,208,Liza,MCCUSKER,K,1985-09-10 00:00:00,tu mieszkam,88-100,Wies,8889,@mail.com,Nizsze,Poland
209,209,Valentia,BALASKI,M,1950-11-14 00:00:00,tu mieszkam,88-100,Wies,8889,@mail.com,Wyzsze,Poland
210,210,Adelind,PERLIN,K,1985-06-20 00:00:00,tu mieszkam,88-100,Duze miasto,8889,@mail.com,Wyzsze,Poland
211,211,Tiff,NOWAKOWSKI,K,1973-04-21 00:00:00,tu mieszkam,88-100,Wies,8889,@mail.com,Nizsze,Poland
212,212,Loralie,ASTARITA,K,1984-05-08 00:00:00,tu mieszkam,88-100,Miasto,8889,@mail.com,Zasadnicze,Poland
213,213,Amandi,MUSTAIN,M,1993-05-16 00:00:00,tu mieszkam,88-100,Miasto,8889,@mail.com,Zasadnicze,Poland
214,214,Kerri,FINNLEY,K,1973-08-15 00:00:00,tu mieszkam,88-100,Miasto,8889,@mail.com,Zasadnicze,Poland
215,215,Tonie,BETHLEY,K,1969-05-15 00:00:00,tu mieszkam,88-100,Miasto,8889,@mail.com,Nizsze,Poland
216,216,Aurilia,CARMINE,K,1960-03-19 00:00:00,tu mieszkam,88-100,Wies,8889,@mail.com,Wyzsze,Poland
217,217,Laurella,JUBRAN,M,1972-10-20 00:00:00,tu mieszkam,88-100,Miasto,8889,@mail.com,Wyzsze,Poland
218,218,Misty,DREGRICH,M,1966-10-28 00:00:00,tu mieszkam,88-100,Wies,8889,@mail.com,Wyzsze,Poland
219,219,Joli,MOSAKOWSKI,M,1976-02-01 00:00:00,tu mieszkam,88-100,Miasto,8889,@mail.com,Wyzsze,Poland
220,220,Seana,PARAT,K,1973-11-21 00:00:00,tu mieszkam,88-100,Wies,8889,@mail.com,Zasadnicze,Poland
221,221,Jeri,MALLONEE,M,1985-05-25 00:00:00,tu mieszkam,88-100,Miasto,8889,@mail.com,Wyzsze,Poland
222,222,Kristina,ANCAR,K,1990-07-08 00:00:00,tu mieszkam,88-100,Miasto,8889,@mail.com,Wyzsze,Poland
223,223,Peria,FAZZINA,M,1953-11-14 00:00:00,tu mieszkam,88-100,Wies,8889,@mail.com,Zasadnicze,Poland
224,224,Kizzie,FRYREAR,K,1986-02-27 00:00:00,tu mieszkam,88-100,Wies,8889,@mail.com,Zasadnicze,Poland
225,225,Irma,CAZAREZ,M,1982-06-29 00:00:00,tu mieszkam,88-100,Duze miasto,8889,@mail.com,Wyzsze,Poland
226,226,Kattie,MOESSNER,M,1989-03-28 00:00:00,tu mieszkam,88-100,Wies,8889,@mail.com,Wyzsze,Poland
227,227,Kylila,JORDAHL,M,1966-05-26 00:00:00,tu mieszkam,88-100,Wies,8889,@mail.com,Nizsze,Poland
228,228,Ilene,ALEXENDER,K,1998-10-30 00:00:00,tu mieszkam,88-100,Duze miasto,8889,@mail.com,Nizsze,Poland
229,229,Camel,STACKER,M,1989-03-29 00:00:00,tu mieszkam,88-100,Miasto,8889,@mail.com,Nizsze,Poland
230,230,Tierney,ASMUSSEN,K,1981-08-15 00:00:00,tu mieszkam,88-100,Wies,8889,@mail.com,Wyzsze,Poland
231,231,Deanna,RILLIE,M,1976-01-19 00:00:00,tu mieszkam,88-100,Miasto,8889,@mail.com,Zasadnicze,Poland
232,232,Janene,FESUS,K,1976-04-26 00:00:00,tu mieszkam,88-100,Miasto,8889,@mail.com,Nizsze,Poland
233,233,Tiffy,TOZZI,K,1976-02-29 00:00:00,tu mieszkam,88-100,Wies,8889,@mail.com,Zasadnicze,Poland
234,234,Vivien,BROADNAX,M,1998-11-10 00:00:00,tu mieszkam,88-100,Wies,8889,@mail.com,Nizsze,Poland
235,235,Karrie,GUSTINE,M,1972-05-04 00:00:00,tu mieszkam,88-100,Miasto,8889,@mail.com,Zasadnicze,Poland
236,236,Estell,FENSTER,K,1971-05-15 00:00:00,tu mieszkam,88-100,Miasto,8889,@mail.com,Wyzsze,Poland
237,237,Christabel,NORBY,K,1990-10-25 00:00:00,tu mieszkam,88-100,Wies,8889,@mail.com,Wyzsze,Poland
238,238,Denys,SIEPKER,K,1960-02-21 00:00:00,tu mieszkam,88-100,Miasto,8889,@mail.com,Zasadnicze,Poland
239,239,Margeaux,RINDFLEISCH,K,1981-12-12 00:00:00,tu mieszkam,88-100,Miasto,8889,@mail.com,Nizsze,Poland
240,240,Ulla,CAMBURN,M,1998-08-26 00:00:00,tu mieszkam,88-100,Miasto,8889,@mail.com,Nizsze,Poland
241,241,Lethia,LAVANCHY,K,1954-08-31 00:00:00,tu mieszkam,88-100,Duze miasto,8889,@mail.com,Wyzsze,Poland
242,242,Jeannie,COOKSON,M,1996-05-03 00:00:00,tu mieszkam,88-100,Duze miasto,8889,@mail.com,Zasadnicze,Poland
243,243,Jaquelin,HYDE,K,1957-06-25 00:00:00,tu mieszkam,88-100,Duze miasto,8889,@mail.com,Zasadnicze,Poland
244,244,Claudette,MAISEL,M,1973-02-24 00:00:00,tu mieszkam,88-100,Duze miasto,8889,@mail.com,Wyzsze,Poland
245,245,Dyana,DONEHOO,M,1957-10-03 00:00:00,tu mieszkam,88-100,Wies,8889,@mail.com,Nizsze,Poland
246,246,Sallyann,SHARICK,K,1963-12-27 00:00:00,tu mieszkam,88-100,Wies,8889,@mail.com,Zasadnicze,Poland
247,247,Waly,DAUDT,M,1961-04-28 00:00:00,tu mieszkam,88-100,Miasto,8889,@mail.com,Wyzsze,Poland
248,248,Jazmin,KOHUS,M,1969-01-29 00:00:00,tu mieszkam,88-100,Wies,8889,@mail.com,Nizsze,Poland
249,249,Ainsley,SCHUUR,M,1985-01-03 00:00:00,tu mieszkam,88-100,Duze miasto,8889,@mail.com,Nizsze,Poland
250,250,Riva,PLUYM,K,1976-02-17 00:00:00,tu mieszkam,88-100,Miasto,8889,@mail.com,Nizsze,Poland
251,251,Clarinda,DEBOIS,M,1992-09-20 00:00:00,tu mieszkam,88-100,Duze miasto,8889,@mail.com,Zasadnicze,Poland
252,252,Briny,CHEVES,K,1959-07-21 00:00:00,tu mieszkam,88-100,Wies,8889,@mail.com,Nizsze,Poland
253,253,Jany,FIGUEIRA,K,1973-01-10 00:00:00,tu mieszkam,88-100,Duze miasto,8889,@mail.com,Zasadnicze,Poland
254,254,Druci,ROLES,M,1956-12-03 00:00:00,tu mieszkam,88-100,Duze miasto,8889,@mail.com,Nizsze,Poland
255,255,Rozamond,DEARRING,K,1958-09-17 00:00:00,tu mieszkam,88-100,Duze miasto,8889,@mail.com,Wyzsze,Poland
256,256,Michell,KLOPP,K,1978-05-30 00:00:00,tu mieszkam,88-100,Wies,8889,@mail.com,Wyzsze,Poland
257,257,Caitrin,STREICH,M,1979-11-18 00:00:00,tu mieszkam,88-100,Duze miasto,8889,@mail.com,Zasadnicze,Poland
258,258,Nonah,STELZER,K,1953-01-07 00:00:00,tu mieszkam,88-100,Miasto,8889,@mail.com,Nizsze,Poland
259,259,Amber,HAINSEY,K,1991-11-03 00:00:00,tu mieszkam,88-100,Wies,8889,@mail.com,Zasadnicze,Poland
260,260,Gabbie,MADRIZ,K,1954-03-21 00:00:00,tu mieszkam,88-100,Wies,8889,@mail.com,Zasadnicze,Poland
261,261,Dorella,CRAM,K,1998-10-28 00:00:00,tu mieszkam,88-100,Duze miasto,8889,@mail.com,Zasadnicze,Poland
262,262,Selestina,MARKSBERRY,M,1980-07-17 00:00:00,tu mieszkam,88-100,Duze miasto,8889,@mail.com,Nizsze,Poland
263,263,Marsiella,BAGNELL,K,1986-05-08 00:00:00,tu mieszkam,88-100,Miasto,8889,@mail.com,Wyzsze,Poland
264,264,Georgeanne,KEAL,K,1966-03-28 00:00:00,tu mieszkam,88-100,Wies,8889,@mail.com,Zasadnicze,Poland
265,265,Annabella,ANTONY,M,1993-05-18 00:00:00,tu mieszkam,88-100,Duze miasto,8889,@mail.com,Zasadnicze,Poland
266,266,Cate,PHELP,K,1970-06-12 00:00:00,tu mieszkam,88-100,Duze miasto,8889,@mail.com,Wyzsze,Poland
267,267,Andee,BONNES,M,1967-10-15 00:00:00,tu mieszkam,88-100,Miasto,8889,@mail.com,Wyzsze,Poland
268,268,Amata,PONG,M,1980-09-16 00:00:00,tu mieszkam,88-100,Wies,8889,@mail.com,Zasadnicze,Poland
269,269,Annamarie,RYCE,K,1972-10-19 00:00:00,tu mieszkam,88-100,Duze miasto,8889,@mail.com,Wyzsze,Poland
270,270,Edita,DEJESUS,K,1992-11-02 00:00:00,tu mieszkam,88-100,Wies,8889,@mail.com,Nizsze,Poland
271,271,Desdemona,BEERLE,M,1974-10-28 00:00:00,tu mieszkam,88-100,Wies,8889,@mail.com,Zasadnicze,Poland
272,272,Bettye,BERNA,K,1984-07-20 00:00:00,tu mieszkam,88-100,Duze miasto,8889,@mail.com,Nizsze,Poland
273,273,Ethelyn,SKOLFIELD,I,1961-05-16 00:00:00,tu mieszkam,88-100,Wies,8889,@mail.com,Nizsze,Poland
274,274,Elva,GEDO,M,1951-06-12 00:00:00,tu mieszkam,88-100,Wies,8889,@mail.com,Nizsze,Poland
275,275,Codie,MADARAS,M,1968-04-27 00:00:00,tu mieszkam,88-100,Miasto,8889,@mail.com,Nizsze,Poland
276,276,Shanda,SHEARIN,M,1988-04-04 00:00:00,tu mieszkam,88-100,Wies,8889,@mail.com,Nizsze,Poland
277,277,Muire,MUREL,M,1967-08-20 00:00:00,tu mieszkam,88-100,Miasto,8889,@mail.com,Wyzsze,Poland
278,278,Latrena,NEGRI,K,1974-06-12 00:00:00,tu mieszkam,88-100,Wies,8889,@mail.com,Zasadnicze,Poland
279,279,Randee,TAHA,M,1993-10-17 00:00:00,tu mieszkam,88-100,Wies,8889,@mail.com,Nizsze,Poland
280,280,Linnea,SAHLBERG,M,1976-08-11 00:00:00,tu mieszkam,88-100,Wies,8889,@mail.com,Wyzsze,Poland
281,281,Emmie,CATO,M,1962-04-15 00:00:00,tu mieszkam,88-100,Wies,8889,@mail.com,Zasadnicze,Poland
282,282,Emera,BOUGHTER,M,1956-04-26 00:00:00,tu mieszkam,88-100,Wies,8889,@mail.com,Nizsze,Poland
283,283,Mabelle,MIKEZ,K,1966-08-23 00:00:00,tu mieszkam,88-100,Miasto,8889,@mail.com,Wyzsze,Poland
284,284,Almire,ROBAR,K,1992-04-12 00:00:00,tu mieszkam,88-100,Duze miasto,8889,@mail.com,Zasadnicze,Poland
285,285,Nicky,MECKLER,M,1974-03-16 00:00:00,tu mieszkam,88-100,Duze miasto,8889,@mail.com,Zasadnicze,Poland
286,286,Susannah,GEPPERT,M,1997-06-21 00:00:00,tu mieszkam,88-100,Miasto,8889,@mail.com,Wyzsze,Poland
287,287,Denni,ANNUZZI,M,1996-01-01 00:00:00,tu mieszkam,88-100,Miasto,8889,@mail.com,Zasadnicze,Poland
288,288,Kissie,GLOR,M,1972-02-09 00:00:00,tu mieszkam,88-100,Miasto,8889,@mail.com,Nizsze,Poland
289,289,Dorri,LANGOLF,M,1957-04-01 00:00:00,tu mieszkam,88-100,Duze miasto,8889,@mail.com,Nizsze,Poland
290,290,Farra,HOLUB,M,1981-03-29 00:00:00,tu mieszkam,88-100,Duze miasto,8889,@mail.com,Wyzsze,Poland
291,291,Chandra,TOGASHI,K,1985-06-24 00:00:00,tu mieszkam,88-100,Duze miasto,8889,@mail.com,Zasadnicze,Poland
292,292,Malena,FLAMER,K,1999-10-06 00:00:00,tu mieszkam,88-100,Duze miasto,8889,@mail.com,Nizsze,Poland
293,293,Nanice,RESSEL,M,1989-01-19 00:00:00,tu mieszkam,88-100,Wies,8889,@mail.com,Nizsze,Poland
294,294,Zena,NEWSUM,K,1979-08-14 00:00:00,tu mieszkam,88-100,Duze miasto,8889,@mail.com,Wyzsze,Poland
295,295,Adel,VAYDA,K,1978-01-21 00:00:00,tu mieszkam,88-100,Wies,8889,@mail.com,Wyzsze,Poland
296,296,Donella,HAASS,M,1996-06-25 00:00:00,tu mieszkam,88-100,Wies,8889,@mail.com,Wyzsze,Poland
297,297,Maryellen,ZERHUSEN,M,1983-10-26 00:00:00,tu mieszkam,88-100,Duze miasto,8889,@mail.com,Nizsze,Poland
298,298,Ibbie,FIUMARA,K,1953-11-13 00:00:00,tu mieszkam,88-100,Wies,8889,@mail.com,Nizsze,Poland
299,299,Chelsie,MCCOMBIE,M,1988-08-11 00:00:00,tu mieszkam,88-100,Duze miasto,8889,@mail.com,Nizsze,Poland
300,300,Amalle,NUNNELLEY,K,1994-11-05 00:00:00,tu mieszkam,88-100,Duze miasto,8889,@mail.com,Wyzsze,Poland
301,301,Druci,GOUDE,K,1996-06-13 00:00:00,tu mieszkam,88-100,Duze miasto,8889,@mail.com,Wyzsze,Poland
302,302,Dore,BERESIK,M,1955-03-10 00:00:00,tu mieszkam,88-100,Miasto,8889,@mail.com,Wyzsze,Poland
303,303,Ulrikaumeko,SKIMEHORN,K,1963-07-12 00:00:00,tu mieszkam,88-100,Duze miasto,8889,@mail.com,Nizsze,Poland
304,304,Maren,VANBEBBER,M,1985-06-03 00:00:00,tu mieszkam,88-100,Duze miasto,8889,@mail.com,Nizsze,Poland
305,305,Enrika,GREGORIA,K,1983-03-24 00:00:00,tu mieszkam,88-100,Duze miasto,8889,@mail.com,Wyzsze,Poland
306,306,Aloisia,HANNULA,K,1969-06-11 00:00:00,tu mieszkam,88-100,Miasto,8889,@mail.com,Zasadnicze,Poland
307,307,Nancie,TIERMAN,M,1994-03-18 00:00:00,tu mieszkam,88-100,Wies,8889,@mail.com,Nizsze,Poland
308,308,Michelina,LEMARR,M,1968-10-31 00:00:00,tu mieszkam,88-100,Wies,8889,@mail.com,Wyzsze,Poland
309,309,Domini,COLASANTE,K,1976-07-09 00:00:00,tu mieszkam,88-100,Miasto,8889,@mail.com,Nizsze,Poland
310,310,Lyndsie,TAVERAS,M,1997-01-03 00:00:00,tu mieszkam,88-100,Miasto,8889,@mail.com,Wyzsze,Poland
311,311,Magdaia,SLIFER,K,1975-07-03 00:00:00,tu mieszkam,88-100,Duze miasto,8889,@mail.com,Nizsze,Poland
312,312,Romy,FRANZEN,M,1992-12-09 00:00:00,tu mieszkam,88-100,Duze miasto,8889,@mail.com,Wyzsze,Poland
313,313,Casie,BUSSONE,K,1972-08-23 00:00:00,tu mieszkam,88-100,Wies,8889,@mail.com,Zasadnicze,Poland
314,314,Rosemarie,CVETKOVIC,K,1973-11-23 00:00:00,tu mieszkam,88-100,Wies,8889,@mail.com,Zasadnicze,Poland
315,315,Lynsey,KORGIE,M,1979-08-29 00:00:00,tu mieszkam,88-100,Duze miasto,8889,@mail.com,Nizsze,Poland
316,316,Anna-Diana,VIRES,K,1964-04-03 00:00:00,tu mieszkam,88-100,Miasto,8889,@mail.com,Zasadnicze,Poland
317,317,Ophelie,METHERELL,M,1977-10-09 00:00:00,tu mieszkam,88-100,Miasto,8889,@mail.com,Zasadnicze,Poland
318,318,Rafaela,VIDES,M,1951-03-22 00:00:00,tu mieszkam,88-100,Wies,8889,@mail.com,Zasadnicze,Poland
319,319,Winnah,JOWELL,M,1960-01-30 00:00:00,tu mieszkam,88-100,Miasto,8889,@mail.com,Wyzsze,Poland
320,320,Krysta,FORST,M,1961-12-12 00:00:00,tu mieszkam,88-100,Miasto,8889,@mail.com,Zasadnicze,Poland
321,321,Consolata,TEKELL,K,1977-05-15 00:00:00,tu mieszkam,88-100,Wies,8889,@mail.com,Zasadnicze,Poland
322,322,Debera,VIDINHA,M,1952-12-17 00:00:00,tu mieszkam,88-100,Wies,8889,@mail.com,Wyzsze,Poland
323,323,Wynnie,KAMAKA,K,1982-11-29 00:00:00,tu mieszkam,88-100,Wies,8889,@mail.com,Nizsze,Poland
324,324,Hettie,CONSOLO,K,1979-09-01 00:00:00,tu mieszkam,88-100,Wies,8889,@mail.com,Wyzsze,Poland
325,325,Alidia,RUDISH,K,1956-02-12 00:00:00,tu mieszkam,88-100,Miasto,8889,@mail.com,Zasadnicze,Poland
326,326,Averyl,HEMRICK,K,1953-11-05 00:00:00,tu mieszkam,88-100,Miasto,8889,@mail.com,Zasadnicze,Poland
327,327,Ethelyn,FAUTH,K,1956-12-20 00:00:00,tu mieszkam,88-100,Miasto,8889,@mail.com,Nizsze,Poland
328,328,Beatriz,CRAIGEN,M,1991-12-11 00:00:00,tu mieszkam,88-100,Duze miasto,8889,@mail.com,Nizsze,Poland
329,329,Kamillah,SAMIDE,M,1999-10-17 00:00:00,tu mieszkam,88-100,Duze miasto,8889,@mail.com,Zasadnicze,Poland
330,330,Bobbi,GERUNDO,M,1983-02-08 00:00:00,tu mieszkam,88-100,Miasto,8889,@mail.com,Nizsze,Poland
331,331,Ezmeralda,FLAM,K,1961-07-26 00:00:00,tu mieszkam,88-100,Miasto,8889,@mail.com,Nizsze,Poland
332,332,Yettie,TOMBRELLO,M,1999-10-04 00:00:00,tu mieszkam,88-100,Wies,8889,@mail.com,Zasadnicze,Poland
333,333,Lauree,NIGHTENGALE,K,1991-02-11 00:00:00,tu mieszkam,88-100,Duze miasto,8889,@mail.com,Zasadnicze,Poland
334,334,Dorri,MOMPHARD,K,1971-10-22 00:00:00,tu mieszkam,88-100,Wies,8889,@mail.com,Nizsze,Poland
335,335,Lela,PEATRY,K,1964-07-12 00:00:00,tu mieszkam,88-100,Wies,8889,@mail.com,Wyzsze,Poland
336,336,Barrie,MCCOLLUM,K,1987-02-27 00:00:00,tu mieszkam,88-100,Duze miasto,8889,@mail.com,Zasadnicze,Poland
337,337,Aeriel,PIASECKI,M,1989-11-20 00:00:00,tu mieszkam,88-100,Miasto,8889,@mail.com,Zasadnicze,Poland
338,338,Paulette,SHURTS,M,1990-01-11 00:00:00,tu mieszkam,88-100,Duze miasto,8889,@mail.com,Wyzsze,Poland
339,339,Lisette,HOMESLEY,M,1960-09-16 00:00:00,tu mieszkam,88-100,Miasto,8889,@mail.com,Zasadnicze,Poland
340,340,Adah,WENSKY,K,1980-09-12 00:00:00,tu mieszkam,88-100,Duze miasto,8889,@mail.com,Zasadnicze,Poland
341,341,Cristin,BUETER,K,1978-10-09 00:00:00,tu mieszkam,88-100,Miasto,8889,@mail.com,Nizsze,Poland
342,342,Cynthia,DARRUP,M,1952-01-02 00:00:00,tu mieszkam,88-100,Duze miasto,8889,@mail.com,Nizsze,Poland
343,343,Arabel,MOHRING,K,1986-03-10 00:00:00,tu mieszkam,88-100,Wies,8889,@mail.com,Wyzsze,Poland
344,344,Karlene,CHEEK,M,1991-07-05 00:00:00,tu mieszkam,88-100,Wies,8889,@mail.com,Wyzsze,Poland
345,345,Rianon,SOPKO,M,1970-01-30 00:00:00,tu mieszkam,88-100,Miasto,8889,@mail.com,Zasadnicze,Poland
346,346,Ginnifer,SEPICH,K,1988-11-08 00:00:00,tu mieszkam,88-100,Duze miasto,8889,@mail.com,Nizsze,Poland
347,347,Danna,ESSICK,M,1995-07-11 00:00:00,tu mieszkam,88-100,Wies,8889,@mail.com,Nizsze,Poland
348,348,Aloise,KNAFF,M,1978-02-28 00:00:00,tu mieszkam,88-100,Wies,8889,@mail.com,Wyzsze,Poland
349,349,Barbette,ORM,K,1986-06-20 00:00:00,tu mieszkam,88-100,Wies,8889,@mail.com,Nizsze,Poland
350,350,Tonye,HERBISON,K,1980-06-04 00:00:00,tu mieszkam,88-100,Duze miasto,8889,@mail.com,Wyzsze,Poland
351,351,Maudie,COLASURDO,M,1960-09-05 00:00:00,tu mieszkam,88-100,Duze miasto,8889,@mail.com,Zasadnicze,Poland
352,352,Evy,CHARLSON,K,1966-01-24 00:00:00,tu mieszkam,88-100,Duze miasto,8889,@mail.com,Wyzsze,Poland
353,353,Jolynn,SEARA,K,1977-12-10 00:00:00,tu mieszkam,88-100,Duze miasto,8889,@mail.com,Nizsze,Poland
354,354,Livvyy,FRONK,M,1972-01-11 00:00:00,tu mieszkam,88-100,Wies,8889,@mail.com,Wyzsze,Poland
355,355,Bobine,PAVONE,M,1991-01-03 00:00:00,tu mieszkam,88-100,Miasto,8889,@mail.com,Wyzsze,Poland
356,356,Ula,SOPLOP,K,1955-07-04 00:00:00,tu mieszkam,88-100,Wies,8889,@mail.com,Wyzsze,Poland
357,357,Patrice,BAMBURG,M,1983-05-14 00:00:00,tu mieszkam,88-100,Wies,8889,@mail.com,Zasadnicze,Poland
358,358,Edita,BROUSSARD,M,1955-09-05 00:00:00,tu mieszkam,88-100,Duze miasto,8889,@mail.com,Nizsze,Poland
359,359,Corry,SPANGER,K,1999-04-09 00:00:00,tu mieszkam,88-100,Miasto,8889,@mail.com,Wyzsze,Poland
360,360,Jessi,HICKTON,M,1998-12-21 00:00:00,tu mieszkam,88-100,Duze miasto,8889,@mail.com,Zasadnicze,Poland
361,361,Zulema,MARKSBERRY,M,1953-12-21 00:00:00,tu mieszkam,88-100,Wies,8889,@mail.com,Zasadnicze,Poland
362,362,Cassie,BOUSLEY,M,1983-01-22 00:00:00,tu mieszkam,88-100,Miasto,8889,@mail.com,Nizsze,Poland
363,363,Marcelia,ROLLO,K,1953-10-12 00:00:00,tu mieszkam,88-100,Wies,8889,@mail.com,Zasadnicze,Poland
364,364,Dorise,PAPLOW,M,1956-07-07 00:00:00,tu mieszkam,88-100,Wies,8889,@mail.com,Wyzsze,Poland
365,365,Ricky,YAFUSO,M,1982-10-18 00:00:00,tu mieszkam,88-100,Miasto,8889,@mail.com,Wyzsze,Poland
366,366,Nicky,SHIRD,M,1995-02-17 00:00:00,tu mieszkam,88-100,Wies,8889,@mail.com,Zasadnicze,Poland
367,367,Annabela,OYERVIDES,M,1990-02-14 00:00:00,tu mieszkam,88-100,Duze miasto,8889,@mail.com,Wyzsze,Poland
368,368,Annadiana,PENNEY,M,1959-10-09 00:00:00,tu mieszkam,88-100,Wies,8889,@mail.com,Nizsze,Poland
369,369,Mahala,STECK,M,1987-04-29 00:00:00,tu mieszkam,88-100,Duze miasto,8889,@mail.com,Nizsze,Poland
370,370,Roselia,DUGO,M,1976-09-12 00:00:00,tu mieszkam,88-100,Wies,8889,@mail.com,Nizsze,Poland
371,371,Aveline,FOSS,M,1972-04-24 00:00:00,tu mieszkam,88-100,Duze miasto,8889,@mail.com,Zasadnicze,Poland
372,372,Edin,ESQUERRA,K,1954-12-25 00:00:00,tu mieszkam,88-100,Wies,8889,@mail.com,Wyzsze,Poland
373,373,Nevsa,BOHAN,K,1967-05-08 00:00:00,tu mieszkam,88-100,Duze miasto,8889,@mail.com,Zasadnicze,Poland
374,374,Darlene,GRZYWINSKI,M,1955-11-28 00:00:00,tu mieszkam,88-100,Duze miasto,8889,@mail.com,Wyzsze,Poland
375,375,Kym,KOZLOWSKI,M,1968-10-06 00:00:00,tu mieszkam,88-100,Duze miasto,8889,@mail.com,Wyzsze,Poland
376,376,Chryste,ANTU,K,1956-03-17 00:00:00,tu mieszkam,88-100,Miasto,8889,@mail.com,Wyzsze,Poland
377,377,Anabel,HOWLE,M,1958-06-11 00:00:00,tu mieszkam,88-100,Wies,8889,@mail.com,Nizsze,Poland
378,378,Elenore,KNABLE,K,1988-01-16 00:00:00,tu mieszkam,88-100,Duze miasto,8889,@mail.com,Wyzsze,Poland
379,379,Claudetta,LUALLEN,M,2000-09-02 00:00:00,tu mieszkam,88-100,Duze miasto,8889,@mail.com,Wyzsze,Poland
380,380,Paola,HENKENSIEFKEN,K,1963-09-12 00:00:00,tu mieszkam,88-100,Duze miasto,8889,@mail.com,Wyzsze,Micronesia
381,381,Cybil,STAKKELAND,K,1965-08-05 00:00:00,tu mieszkam,88-100,Wies,8889,@mail.com,Wyzsze,Poland
382,382,Nadeen,TRIBOU,M,1951-10-19 00:00:00,tu mieszkam,88-100,Wies,8889,@mail.com,Wyzsze,Poland
383,383,Corette,DORNER,M,1990-03-16 00:00:00,tu mieszkam,88-100,Wies,8889,@mail.com,Nizsze,Poland
384,384,Roxi,ANTWINE,K,1972-09-13 00:00:00,tu mieszkam,88-100,Miasto,8889,@mail.com,Wyzsze,Poland
385,385,Adel,GENNINGS,M,1969-03-08 00:00:00,tu mieszkam,88-100,Miasto,8889,@mail.com,Zasadnicze,Poland
386,386,Nixie,GOODE,K,1951-04-29 00:00:00,tu mieszkam,88-100,Miasto,8889,@mail.com,Zasadnicze,Poland
387,387,Latisha,LACHINO,K,1981-12-20 00:00:00,tu mieszkam,88-100,Miasto,8889,@mail.com,Zasadnicze,Poland
388,388,Philomena,BRENISER,M,1996-08-21 00:00:00,tu mieszkam,88-100,Wies,8889,@mail.com,Zasadnicze,Poland
389,389,Konstanze,NOBRIGA,M,1987-01-11 00:00:00,tu mieszkam,88-100,Miasto,8889,@mail.com,Nizsze,Poland
390,390,Florencia,MANGIAMELE,M,1965-04-14 00:00:00,tu mieszkam,88-100,Duze miasto,8889,@mail.com,Zasadnicze,Poland
391,391,Elwira,LAYO,M,1982-03-30 00:00:00,tu mieszkam,88-100,Duze miasto,8889,@mail.com,Nizsze,Poland
392,392,Heloise,JAVIS,M,1955-12-10 00:00:00,tu mieszkam,88-100,Miasto,8889,@mail.com,Nizsze,Poland
393,393,Aeriel,ROSBOZOM,M,1962-10-17 00:00:00,tu mieszkam,88-100,Miasto,8889,@mail.com,Wyzsze,Poland
394,394,Siobhan,BUNDSCHUH,M,1998-02-06 00:00:00,tu mieszkam,88-100,Duze miasto,8889,@mail.com,Nizsze,Poland
395,395,Joceline,PARDO,K,1983-05-19 00:00:00,tu mieszkam,88-100,Miasto,8889,@mail.com,Wyzsze,Poland
396,396,Letizia,WINNEGAN,M,1993-10-22 00:00:00,tu mieszkam,88-100,Wies,8889,@mail.com,Nizsze,Poland
397,397,Amie,BARNHURST,K,1970-06-06 00:00:00,tu mieszkam,88-100,Wies,8889,@mail.com,Zasadnicze,Poland
398,398,Nanete,ALLEGRE,M,1963-08-18 00:00:00,tu mieszkam,88-100,Miasto,8889,@mail.com,Nizsze,Poland
399,399,Anatola,SHYMSKE,M,1971-12-05 00:00:00,tu mieszkam,88-100,Wies,8889,@mail.com,Zasadnicze,Poland
400,400,Amelina,DEBBINS,K,1979-11-02 00:00:00,tu mieszkam,88-100,Duze miasto,8889,@mail.com,Zasadnicze,Poland
401,401,Adara,LEAZER,K,1965-02-25 00:00:00,tu mieszkam,88-100,Miasto,8889,@mail.com,Zasadnicze,Poland
402,402,Tony,OLESKIEWICZ,K,1972-10-31 00:00:00,tu mieszkam,88-100,Duze miasto,8889,@mail.com,Nizsze,Poland
403,403,Vivian,DOWDEN,K,1989-05-05 00:00:00,tu mieszkam,88-100,Miasto,8889,@mail.com,Zasadnicze,Poland
404,404,Keelia,PISCITELLO,M,1992-06-14 00:00:00,tu mieszkam,88-100,Wies,8889,@mail.com,Wyzsze,Poland
405,405,Constancy,ECKRICH,K,1978-05-02 00:00:00,tu mieszkam,88-100,Miasto,8889,@mail.com,Wyzsze,Poland
406,406,Rhonda,GRUSH,K,1998-06-22 00:00:00,tu mieszkam,88-100,Wies,8889,@mail.com,Zasadnicze,Poland
407,407,Tasia,BODINE,K,1997-07-21 00:00:00,tu mieszkam,88-100,Miasto,8889,@mail.com,Wyzsze,Poland
408,408,Angelita,TOMALA,M,1984-10-16 00:00:00,tu mieszkam,88-100,Miasto,8889,@mail.com,Nizsze,Poland
409,409,Katherina,IODICE,K,1967-12-30 00:00:00,tu mieszkam,88-100,Duze miasto,8889,@mail.com,Nizsze,Poland
410,410,Mame,LANK,M,1961-05-11 00:00:00,tu mieszkam,88-100,Wies,8889,@mail.com,Wyzsze,Poland
411,411,Joell,ANGELETTI,K,1968-11-22 00:00:00,tu mieszkam,88-100,Miasto,8889,@mail.com,Wyzsze,Poland
412,412,Ramona,DALE,M,1954-09-22 00:00:00,tu mieszkam,88-100,Wies,8889,@mail.com,Nizsze,Poland
413,413,Sarajane,SAMIT,M,1983-03-15 00:00:00,tu mieszkam,88-100,Wies,8889,@mail.com,Wyzsze,Poland
414,414,Lizzie,LEVERONE,I,1982-12-08 00:00:00,tu mieszkam,88-100,Duze miasto,8889,@mail.com,Wyzsze,Poland
415,415,Kylen,CHILCOTE,M,1961-07-22 00:00:00,tu mieszkam,88-100,Wies,8889,@mail.com,Wyzsze,Poland
416,416,Charmion,SOUSER,K,1963-07-29 00:00:00,tu mieszkam,88-100,Miasto,8889,@mail.com,Nizsze,Poland
417,417,Maybelle,BRIMMER,M,1954-09-01 00:00:00,tu mieszkam,88-100,Duze miasto,8889,@mail.com,Zasadnicze,Poland
418,418,Janka,DUNCIL,M,1957-05-20 00:00:00,tu mieszkam,88-100,Miasto,8889,@mail.com,Wyzsze,Poland
419,419,Belvia,POULISSE,I,1995-07-19 00:00:00,tu mieszkam,88-100,Duze miasto,8889,@mail.com,Wyzsze,Poland
420,420,Verina,SON,K,1989-07-05 00:00:00,tu mieszkam,88-100,Duze miasto,8889,@mail.com,Zasadnicze,Poland
421,421,Lacy,STECK,K,1965-01-13 00:00:00,tu mieszkam,88-100,Miasto,8889,@mail.com,Wyzsze,Poland
422,422,Marjory,ALTROGGE,K,1980-02-16 00:00:00,tu mieszkam,88-100,Duze miasto,8889,@mail.com,Nizsze,Poland
423,423,Orelia,BRANDENBERG,K,1959-10-19 00:00:00,tu mieszkam,88-100,Wies,8889,@mail.com,Wyzsze,Poland
424,424,Amelia,ZUMBA,M,1996-10-22 00:00:00,tu mieszkam,88-100,Duze miasto,8889,@mail.com,Nizsze,Poland
425,425,Gae,JOVICH,M,1979-10-31 00:00:00,tu mieszkam,88-100,Miasto,8889,@mail.com,Zasadnicze,Poland
426,426,Madelena,MARFLAK,K,1986-05-09 00:00:00,tu mieszkam,88-100,Miasto,8889,@mail.com,Wyzsze,Poland
427,427,Dulcine,AZZARELLA,K,1966-02-15 00:00:00,tu mieszkam,88-100,Miasto,8889,@mail.com,Zasadnicze,United Kingdom
428,428,Lynnell,PASHEL,K,1966-02-18 00:00:00,tu mieszkam,88-100,Wies,8889,@mail.com,Zasadnicze,Poland
429,429,Gayle,HEFFERNEN,M,1998-10-21 00:00:00,tu mieszkam,88-100,Wies,8889,@mail.com,Zasadnicze,Poland
430,430,Cary,MCGEEVER,M,1993-04-27 00:00:00,tu mieszkam,88-100,Wies,8889,@mail.com,Zasadnicze,Poland
431,431,Laureen,BERGSJO,M,1980-11-06 00:00:00,tu mieszkam,88-100,Wies,8889,@mail.com,Nizsze,Poland
432,432,Amye,OLDRIDGE,K,1962-06-21 00:00:00,tu mieszkam,88-100,Wies,8889,@mail.com,Wyzsze,Poland
433,433,Michel,HINGLE,M,1980-05-24 00:00:00,tu mieszkam,88-100,Wies,8889,@mail.com,Zasadnicze,Poland
434,434,Marchelle,WALDAL,M,1992-07-10 00:00:00,tu mieszkam,88-100,Miasto,8889,@mail.com,Nizsze,Poland
435,435,Bridgette,PANYKO,M,1956-01-31 00:00:00,tu mieszkam,88-100,Duze miasto,8889,@mail.com,Wyzsze,Poland
436,436,Rena,SENS,M,1965-09-06 00:00:00,tu mieszkam,88-100,Miasto,8889,@mail.com,Nizsze,Poland
437,437,Rivi,ROSENSTEIN,M,1973-09-03 00:00:00,tu mieszkam,88-100,Wies,8889,@mail.com,Nizsze,Poland
438,438,Bethina,GUILFOIL,K,1974-06-06 00:00:00,tu mieszkam,88-100,Wies,8889,@mail.com,Zasadnicze,Poland
439,439,Zulema,NITSCHKE,K,1986-03-31 00:00:00,tu mieszkam,88-100,Wies,8889,@mail.com,Nizsze,Poland
440,440,Shelbi,STANKEY,K,1979-07-31 00:00:00,tu mieszkam,88-100,Miasto,8889,@mail.com,Wyzsze,Poland
441,441,Alanna,TAIRA,M,1955-11-06 00:00:00,tu mieszkam,88-100,Duze miasto,8889,@mail.com,Wyzsze,Poland
442,442,Mureil,FRISELLA,K,1993-01-06 00:00:00,tu mieszkam,88-100,Wies,8889,@mail.com,Nizsze,Poland
443,443,Molli,TROMLEY,M,1988-05-05 00:00:00,tu mieszkam,88-100,Duze miasto,8889,@mail.com,Nizsze,Poland
444,444,Denny,BITTINGER,M,1954-11-23 00:00:00,tu mieszkam,88-100,Miasto,8889,@mail.com,Wyzsze,Poland
445,445,Sammy,FLEVER,M,1968-09-20 00:00:00,tu mieszkam,88-100,Duze miasto,8889,@mail.com,Wyzsze,Poland
446,446,Willow,DONALDS,M,1996-09-13 00:00:00,tu mieszkam,88-100,Duze miasto,8889,@mail.com,Zasadnicze,Poland
447,447,Peggy,DESIMONE,K,1973-10-23 00:00:00,tu mieszkam,88-100,Duze miasto,8889,@mail.com,Wyzsze,Poland
448,448,Lorenza,REININGER,M,1959-09-14 00:00:00,tu mieszkam,88-100,Duze miasto,8889,@mail.com,Nizsze,Poland
449,449,Lenette,AUGHENBAUGH,K,1988-06-03 00:00:00,tu mieszkam,88-100,Duze miasto,8889,@mail.com,Nizsze,Poland
450,450,Kerianne,GROEBER,K,1988-06-24 00:00:00,tu mieszkam,88-100,Wies,8889,@mail.com,Nizsze,Poland
451,451,Brianna,CERAO,K,1956-06-15 00:00:00,tu mieszkam,88-100,Duze miasto,8889,@mail.com,Zasadnicze,Poland
452,452,Jodi,AUCHMOODY,K,1967-09-17 00:00:00,tu mieszkam,88-100,Wies,8889,@mail.com,Wyzsze,Poland
453,453,Shannen,ZABLOCKI,K,1984-01-12 00:00:00,tu mieszkam,88-100,Duze miasto,8889,@mail.com,Wyzsze,Poland
454,454,Vevay,RUMFELT,M,1993-11-02 00:00:00,tu mieszkam,88-100,Miasto,8889,@mail.com,Wyzsze,Poland
455,455,Lindi,GRIFFITHS,K,1985-06-15 00:00:00,tu mieszkam,88-100,Duze miasto,8889,@mail.com,Nizsze,Poland
456,456,Melosa,GUERRA,M,1955-07-15 00:00:00,tu mieszkam,88-100,Miasto,8889,@mail.com,Zasadnicze,Poland
457,457,Sandra,DEAL,M,1981-04-01 00:00:00,tu mieszkam,88-100,Duze miasto,8889,@mail.com,Wyzsze,Poland
458,458,Selia,HEMLEPP,M,1955-04-08 00:00:00,tu mieszkam,88-100,Duze miasto,8889,@mail.com,Zasadnicze,Poland
459,459,Esma,LANOIS,M,1966-09-03 00:00:00,tu mieszkam,88-100,Miasto,8889,@mail.com,Zasadnicze,Poland
460,460,Gill,STCHUR,K,1983-08-14 00:00:00,tu mieszkam,88-100,Wies,8889,@mail.com,Wyzsze,Poland
461,461,Verna,GIARUSSO,K,1965-09-06 00:00:00,tu mieszkam,88-100,Miasto,8889,@mail.com,Zasadnicze,Poland
462,462,Di,KELLETT,M,1983-04-23 00:00:00,tu mieszkam,88-100,Wies,8889,@mail.com,Nizsze,Poland
463,463,Laurianne,RAISOR,K,1961-07-25 00:00:00,tu mieszkam,88-100,Miasto,8889,@mail.com,Nizsze,Poland
464,464,Mollee,MCCUTCHAN,K,1961-01-02 00:00:00,tu mieszkam,88-100,Miasto,8889,@mail.com,Nizsze,Poland
465,465,Jaimie,KRESS,M,1993-03-17 00:00:00,tu mieszkam,88-100,Miasto,8889,@mail.com,Zasadnicze,Poland
466,466,Fredrika,SURRIDGE,K,1982-06-23 00:00:00,tu mieszkam,88-100,Duze miasto,8889,@mail.com,Wyzsze,Poland
467,467,Etheline,BACCARI,M,1991-12-14 00:00:00,tu mieszkam,88-100,Miasto,8889,@mail.com,Nizsze,Poland
468,468,Johnath,MERKLE,I,1965-04-27 00:00:00,tu mieszkam,88-100,Miasto,8889,@mail.com,Nizsze,Poland
469,469,Jorie,DELROSARIO,K,1981-02-22 00:00:00,tu mieszkam,88-100,Wies,8889,@mail.com,Wyzsze,Poland
470,470,Leisha,BAUMFALK,M,1973-01-14 00:00:00,tu mieszkam,88-100,Duze miasto,8889,@mail.com,Zasadnicze,Poland
471,471,Violante,SCARTH,K,1951-05-11 00:00:00,tu mieszkam,88-100,Miasto,8889,@mail.com,Zasadnicze,Poland
472,472,Hildagard,NACKE,M,1995-08-22 00:00:00,tu mieszkam,88-100,Miasto,8889,@mail.com,Zasadnicze,Poland
473,473,Crystie,RHYNE,K,1960-12-29 00:00:00,tu mieszkam,88-100,Duze miasto,8889,@mail.com,Nizsze,Poland
474,474,Marla,ENCINAS,K,1972-07-20 00:00:00,tu mieszkam,88-100,Wies,8889,@mail.com,Nizsze,Poland
475,475,Karylin,VANNAMAN,K,1984-08-05 00:00:00,tu mieszkam,88-100,Duze miasto,8889,@mail.com,Zasadnicze,Poland
476,476,Mavra,SATCHER,M,1989-03-12 00:00:00,tu mieszkam,88-100,Wies,8889,@mail.com,Nizsze,Poland
477,477,Olivette,LIZAOLA,K,1999-04-21 00:00:00,tu mieszkam,88-100,Wies,8889,@mail.com,Wyzsze,Poland
478,478,Emogene,DESAMPARO,M,1973-09-03 00:00:00,tu mieszkam,88-100,Duze miasto,8889,@mail.com,Zasadnicze,Poland
479,479,Sarita,RHUE,M,1996-09-25 00:00:00,tu mieszkam,88-100,Duze miasto,8889,@mail.com,Wyzsze,Poland
480,480,Oralie,RUNDALL,K,1990-09-30 00:00:00,tu mieszkam,88-100,Miasto,8889,@mail.com,Zasadnicze,Poland
481,481,Yoko,IMPARATO,M,1972-07-02 00:00:00,tu mieszkam,88-100,Duze miasto,8889,@mail.com,Wyzsze,Poland
482,482,Ferdinanda,SWONKE,K,1957-11-06 00:00:00,tu mieszkam,88-100,Duze miasto,8889,@mail.com,Nizsze,Poland
483,483,Gayleen,OHM,K,1965-04-11 00:00:00,tu mieszkam,88-100,Wies,8889,@mail.com,Zasadnicze,Poland
484,484,Lilllie,HICKERSON,K,1955-09-10 00:00:00,tu mieszkam,88-100,Wies,8889,@mail.com,Nizsze,Poland
485,485,Donni,GESINSKI,M,1982-06-27 00:00:00,tu mieszkam,88-100,Duze miasto,8889,@mail.com,Wyzsze,Poland
486,486,Heidie,TUTTERROW,K,1999-09-27 00:00:00,tu mieszkam,88-100,Duze miasto,8889,@mail.com,Wyzsze,Poland
487,487,Honey,KOWIS,K,1968-08-31 00:00:00,tu mieszkam,88-100,Miasto,8889,@mail.com,Nizsze,Poland
488,488,Gerta,BEYERLEIN,I,1986-01-12 00:00:00,tu mieszkam,88-100,Duze miasto,8889,@mail.com,Nizsze,Poland
489,489,Odelinda,GRABENSTEIN,K,1976-01-14 00:00:00,tu mieszkam,88-100,Duze miasto,8889,@mail.com,Zasadnicze,Poland
490,490,Orelee,KECSKES,K,1978-02-10 00:00:00,tu mieszkam,88-100,Miasto,8889,@mail.com,Wyzsze,Poland
491,491,Jaquelyn,GEDYE,M,1988-06-25 00:00:00,tu mieszkam,88-100,Duze miasto,8889,@mail.com,Zasadnicze,Poland
492,492,Talia,GUIDA,K,1963-12-19 00:00:00,tu mieszkam,88-100,Miasto,8889,@mail.com,Nizsze,Poland
493,493,Kippie,PIOLI,K,1960-06-01 00:00:00,tu mieszkam,88-100,Wies,8889,@mail.com,Wyzsze,Poland
494,494,Talya,RYDELL,M,1999-03-12 00:00:00,tu mieszkam,88-100,Miasto,8889,@mail.com,Wyzsze,Poland
495,495,Kristina,AUMICH,K,1977-01-04 00:00:00,tu mieszkam,88-100,Duze miasto,8889,@mail.com,Wyzsze,Poland
496,496,Arielle,SPUELER,M,1961-10-05 00:00:00,tu mieszkam,88-100,Wies,8889,@mail.com,Zasadnicze,Poland
497,497,Rennie,OTTOSON,K,1968-01-03 00:00:00,tu mieszkam,88-100,Wies,8889,@mail.com,Zasadnicze,Poland
498,498,Chelsae,AMBURGEY,K,1988-08-30 00:00:00,tu mieszkam,88-100,Miasto,8889,@mail.com,Zasadnicze,Poland
499,499,Leonelle,VANDRESAR,M,1977-06-28 00:00:00,tu mieszkam,88-100,Duze miasto,8889,@mail.com,Zasadnicze,Poland
500,500,Vilhelmina,HEADEN,M,1955-02-01 00:00:00,tu mieszkam,88-100,Duze miasto,8889,@mail.com,Nizsze,Poland
501,501,Carlita,PALAFOX,M,1955-06-02 00:00:00,tu mieszkam,88-100,Wies,8889,@mail.com,Zasadnicze,Poland
502,502,Roxie,JUNIUS,I,1963-10-12 00:00:00,tu mieszkam,88-100,Duze miasto,8889,@mail.com,Zasadnicze,Poland
503,503,Nikki,BUTTACCIO,K,1955-04-23 00:00:00,tu mieszkam,88-100,Wies,8889,@mail.com,Nizsze,Poland
504,504,Meriel,MCNIEL,M,2000-08-03 00:00:00,tu mieszkam,88-100,Duze miasto,8889,@mail.com,Zasadnicze,Poland
505,505,Laverne,PIERZCHALA,K,1993-03-24 00:00:00,tu mieszkam,88-100,Wies,8889,@mail.com,Zasadnicze,Poland
506,506,Lucky,ALTSCHULER,K,1957-06-26 00:00:00,tu mieszkam,88-100,Wies,8889,@mail.com,Zasadnicze,Poland
507,507,Genna,TIMPER,K,1957-02-22 00:00:00,tu mieszkam,88-100,Duze miasto,8889,@mail.com,Zasadnicze,Poland
508,508,Tisha,COFFEE,K,1955-02-18 00:00:00,tu mieszkam,88-100,Wies,8889,@mail.com,Zasadnicze,Poland
509,509,Aggy,GARUFI,M,1953-03-15 00:00:00,tu mieszkam,88-100,Wies,8889,@mail.com,Zasadnicze,Poland
510,510,Edy,LAUTZ,K,1964-03-06 00:00:00,tu mieszkam,88-100,Miasto,8889,@mail.com,Zasadnicze,Poland
511,511,Merola,IDE,K,1974-07-19 00:00:00,tu mieszkam,88-100,Duze miasto,8889,@mail.com,Nizsze,Afghanistan
512,512,Daisie,RICHERDS,M,1978-07-05 00:00:00,tu mieszkam,88-100,Wies,8889,@mail.com,Wyzsze,Poland
513,513,Cary,LAPINSKI,K,1982-06-03 00:00:00,tu mieszkam,88-100,Duze miasto,8889,@mail.com,Zasadnicze,Poland
514,514,Eba,CASSAGNE,M,1967-06-15 00:00:00,tu mieszkam,88-100,Miasto,8889,@mail.com,Nizsze,Poland
515,515,Nixie,PICCIRILLO,K,1999-11-24 00:00:00,tu mieszkam,88-100,Miasto,8889,@mail.com,Nizsze,Poland
516,516,Marris,TAAFFE,M,1964-09-14 00:00:00,tu mieszkam,88-100,Wies,8889,@mail.com,Nizsze,Poland
517,517,Elene,BAUMGARN,K,1990-05-08 00:00:00,tu mieszkam,88-100,Miasto,8889,@mail.com,Nizsze,Poland
518,518,Rennie,SHELTON,M,1990-05-18 00:00:00,tu mieszkam,88-100,Miasto,8889,@mail.com,Nizsze,Poland
519,519,Sayre,PAMPHILE,K,1996-05-26 00:00:00,tu mieszkam,88-100,Miasto,8889,@mail.com,Wyzsze,Poland
520,520,Jerry,BAUR,M,1963-03-22 00:00:00,tu mieszkam,88-100,Duze miasto,8889,@mail.com,Wyzsze,Poland
521,521,Veradis,MIRZADEH,K,1995-10-28 00:00:00,tu mieszkam,88-100,Miasto,8889,@mail.com,Zasadnicze,Poland
522,522,Camala,SHEDD,M,1967-12-12 00:00:00,tu mieszkam,88-100,Wies,8889,@mail.com,Wyzsze,Poland
523,523,Fiann,MIERNICKI,K,1972-04-23 00:00:00,tu mieszkam,88-100,Miasto,8889,@mail.com,Wyzsze,Poland
524,524,Erminia,CROSNO,K,1966-02-27 00:00:00,tu mieszkam,88-100,Wies,8889,@mail.com,Wyzsze,Poland
525,525,Leontyne,CARATHERS,K,1997-12-14 00:00:00,tu mieszkam,88-100,Miasto,8889,@mail.com,Wyzsze,Turkmenistan
526,526,Ariana,ALECCA,M,1969-11-29 00:00:00,tu mieszkam,88-100,Wies,8889,@mail.com,Zasadnicze,Poland
527,527,Keelia,BOLLIN,K,1954-11-26 00:00:00,tu mieszkam,88-100,Wies,8889,@mail.com,Nizsze,Poland
528,528,Selma,VOTRAW,M,1955-03-30 00:00:00,tu mieszkam,88-100,Miasto,8889,@mail.com,Wyzsze,Poland
529,529,Joni,LOVEJOY,M,1978-05-26 00:00:00,tu mieszkam,88-100,Wies,8889,@mail.com,Nizsze,Poland
530,530,Dulce,GERRITS,K,1962-04-25 00:00:00,tu mieszkam,88-100,Duze miasto,8889,@mail.com,Wyzsze,Poland
531,531,Corri,LEILICH,K,1995-05-14 00:00:00,tu mieszkam,88-100,Wies,8889,@mail.com,Nizsze,Poland
532,532,Shauna,STUM,M,1969-09-23 00:00:00,tu mieszkam,88-100,Duze miasto,8889,@mail.com,Zasadnicze,Poland
533,533,Gelya,MALEWSKI,K,2001-02-26 00:00:00,tu mieszkam,88-100,Wies,8889,@mail.com,Wyzsze,Poland
534,534,Rosemarie,STREIFF,K,2001-08-02 00:00:00,tu mieszkam,88-100,Duze miasto,8889,@mail.com,Wyzsze,Poland
535,535,Dorine,DOTSTRY,K,1983-01-11 00:00:00,tu mieszkam,88-100,Wies,8889,@mail.com,Wyzsze,Poland
536,536,Deanne,ANTONELLO,M,1990-11-02 00:00:00,tu mieszkam,88-100,Duze miasto,8889,@mail.com,Wyzsze,Poland
537,537,Devinne,GALSTER,K,1958-09-05 00:00:00,tu mieszkam,88-100,Wies,8889,@mail.com,Nizsze,Poland
538,538,Roana,HABERLE,M,1993-07-29 00:00:00,tu mieszkam,88-100,Miasto,8889,@mail.com,Zasadnicze,Poland
539,539,Lana,STRETCH,M,1975-08-27 00:00:00,tu mieszkam,88-100,Duze miasto,8889,@mail.com,Nizsze,Poland
540,540,Sherri,GROLLMAN,M,1954-04-23 00:00:00,tu mieszkam,88-100,Miasto,8889,@mail.com,Wyzsze,Poland
541,541,Estele,DUNMORE,M,1985-01-23 00:00:00,tu mieszkam,88-100,Miasto,8889,@mail.com,Wyzsze,Poland
542,542,Tine,COTTMAN,K,1978-09-08 00:00:00,tu mieszkam,88-100,Duze miasto,8889,@mail.com,Wyzsze,Poland
543,543,Eleonore,LOYAL,K,1999-07-13 00:00:00,tu mieszkam,88-100,Miasto,8889,@mail.com,Zasadnicze,Poland
544,544,Matti,WAITES,M,1975-07-25 00:00:00,tu mieszkam,88-100,Duze miasto,8889,@mail.com,Nizsze,Poland
545,545,Mona,BUSSEY,M,1985-11-08 00:00:00,tu mieszkam,88-100,Miasto,8889,@mail.com,Zasadnicze,Poland
546,546,Jewell,BROBERG,M,1987-04-14 00:00:00,tu mieszkam,88-100,Wies,8889,@mail.com,Zasadnicze,Poland
547,547,Terrijo,HARDGE,M,1974-04-20 00:00:00,tu mieszkam,88-100,Duze miasto,8889,@mail.com,Wyzsze,Poland
548,548,Zola,GOODERMOTE,M,1958-07-07 00:00:00,tu mieszkam,88-100,Duze miasto,8889,@mail.com,Nizsze,Poland
549,549,Fenelia,TALL,K,1956-04-14 00:00:00,tu mieszkam,88-100,Wies,8889,@mail.com,Wyzsze,Poland
550,550,Alison,PARNESS,M,1955-12-27 00:00:00,tu mieszkam,88-100,Duze miasto,8889,@mail.com,Zasadnicze,Poland
551,551,Tamqrah,CARDINALE,M,1977-09-02 00:00:00,tu mieszkam,88-100,Miasto,8889,@mail.com,Wyzsze,Poland
552,552,Benita,PUSEY,K,1968-05-26 00:00:00,tu mieszkam,88-100,Wies,8889,@mail.com,Zasadnicze,Poland
553,553,Veronique,MURRAY,K,1967-09-17 00:00:00,tu mieszkam,88-100,Miasto,8889,@mail.com,Wyzsze,Poland
554,554,Collete,DESPAIN,M,1971-05-03 00:00:00,tu mieszkam,88-100,Miasto,8889,@mail.com,Zasadnicze,Poland
555,555,Gabey,GEDMAN,K,1965-02-04 00:00:00,tu mieszkam,88-100,Wies,8889,@mail.com,Zasadnicze,Poland
556,556,Dotti,WORMAN,K,1984-08-26 00:00:00,tu mieszkam,88-100,Miasto,8889,@mail.com,Wyzsze,Poland
557,557,Lauraine,KRUCKEBERG,M,1999-12-04 00:00:00,tu mieszkam,88-100,Miasto,8889,@mail.com,Nizsze,Poland
558,558,Chrissie,DEBBINS,M,1996-11-19 00:00:00,tu mieszkam,88-100,Miasto,8889,@mail.com,Nizsze,Poland
559,559,Gabriell,NOURI,K,1983-01-07 00:00:00,tu mieszkam,88-100,Miasto,8889,@mail.com,Wyzsze,Poland
560,560,Barbara,CARROLL,M,1954-02-27 00:00:00,tu mieszkam,88-100,Duze miasto,8889,@mail.com,Wyzsze,Poland
561,561,Juli,EADS,K,1954-05-10 00:00:00,tu mieszkam,88-100,Miasto,8889,@mail.com,Wyzsze,Poland
562,562,Sisile,KREWSON,K,1992-11-07 00:00:00,tu mieszkam,88-100,Miasto,8889,@mail.com,Wyzsze,Poland
563,563,Patrizia,BUSCHMANN,K,2001-06-10 00:00:00,tu mieszkam,88-100,Wies,8889,@mail.com,Nizsze,Poland
564,564,Jasmine,GASH,M,1955-05-20 00:00:00,tu mieszkam,88-100,Wies,8889,@mail.com,Zasadnicze,Poland
565,565,Micheline,ALVA,M,1995-05-02 00:00:00,tu mieszkam,88-100,Miasto,8889,@mail.com,Wyzsze,Poland
566,566,Analise,MULLINGS,K,1962-09-01 00:00:00,tu mieszkam,88-100,Miasto,8889,@mail.com,Nizsze,Poland
567,567,Drucy,RUPINSKI,K,1961-01-17 00:00:00,tu mieszkam,88-100,Duze miasto,8889,@mail.com,Nizsze,Poland
568,568,Genni,RASNIC,M,1988-02-01 00:00:00,tu mieszkam,88-100,Miasto,8889,@mail.com,Wyzsze,Poland
569,569,Kristine,SCHOW,K,1986-06-21 00:00:00,tu mieszkam,88-100,Duze miasto,8889,@mail.com,Wyzsze,Poland
570,570,Elnora,PRESSMAN,K,1959-10-10 00:00:00,tu mieszkam,88-100,Wies,8889,@mail.com,Zasadnicze,Poland
571,571,Catlaina,MACDERMOTT,K,1994-01-10 00:00:00,tu mieszkam,88-100,Wies,8889,@mail.com,Nizsze,Poland
572,572,Rianon,SWADER,M,1996-11-14 00:00:00,tu mieszkam,88-100,Duze miasto,8889,@mail.com,Zasadnicze,Poland
573,573,Marlene,HOSMAN,M,1961-04-28 00:00:00,tu mieszkam,88-100,Duze miasto,8889,@mail.com,Nizsze,Poland
574,574,Amaleta,DURAN,M,1999-12-31 00:00:00,tu mieszkam,88-100,Wies,8889,@mail.com,Nizsze,Poland
575,575,Melosa,SIEBENS,K,1990-08-28 00:00:00,tu mieszkam,88-100,Miasto,8889,@mail.com,Zasadnicze,Poland
576,576,Portia,CONTRERAZ,K,1981-01-01 00:00:00,tu mieszkam,88-100,Wies,8889,@mail.com,Zasadnicze,Poland
577,577,Aurelie,HERKE,K,1982-09-02 00:00:00,tu mieszkam,88-100,Miasto,8889,@mail.com,Wyzsze,Poland
578,578,Gypsy,MIRISOLA,M,1968-12-07 00:00:00,tu mieszkam,88-100,Wies,8889,@mail.com,Zasadnicze,Poland
579,579,Dorrie,SHEARIER,M,1960-12-20 00:00:00,tu mieszkam,88-100,Duze miasto,8889,@mail.com,Wyzsze,Poland
580,580,Myrtia,LAVORINI,M,1969-06-29 00:00:00,tu mieszkam,88-100,Duze miasto,8889,@mail.com,Zasadnicze,Poland
581,581,Patricia,BIGG,M,2001-02-14 00:00:00,tu mieszkam,88-100,Duze miasto,8889,@mail.com,Wyzsze,Poland
582,582,Issy,RELL,M,1960-09-26 00:00:00,tu mieszkam,88-100,Miasto,8889,@mail.com,Wyzsze,Poland
583,583,Nanice,GARETT,K,1962-11-26 00:00:00,tu mieszkam,88-100,Wies,8889,@mail.com,Zasadnicze,Poland
584,584,Theodora,LACHAT,M,1991-10-17 00:00:00,tu mieszkam,88-100,Miasto,8889,@mail.com,Zasadnicze,Poland
585,585,Ruthanne,ENRRIQUEZ,M,1983-12-28 00:00:00,tu mieszkam,88-100,Wies,8889,@mail.com,Nizsze,Poland
586,586,Katleen,BEATTIE,K,1987-05-09 00:00:00,tu mieszkam,88-100,Wies,8889,@mail.com,Nizsze,Poland
587,587,De,ARMOUR,M,1954-04-22 00:00:00,tu mieszkam,88-100,Duze miasto,8889,@mail.com,Nizsze,Poland
588,588,Prue,EMOND,M,1962-03-05 00:00:00,tu mieszkam,88-100,Miasto,8889,@mail.com,Wyzsze,Poland
589,589,Eden,TREADWAY,M,1988-04-16 00:00:00,tu mieszkam,88-100,Miasto,8889,@mail.com,Wyzsze,Poland
590,590,Gelya,BRAMEL,M,1973-11-03 00:00:00,tu mieszkam,88-100,Miasto,8889,@mail.com,Zasadnicze,Poland
591,591,Phil,AQUAS,K,1970-10-08 00:00:00,tu mieszkam,88-100,Miasto,8889,@mail.com,Zasadnicze,Poland
592,592,Dodi,UNTERZUBER,M,1989-10-21 00:00:00,tu mieszkam,88-100,Wies,8889,@mail.com,Zasadnicze,Poland
593,593,Ethelda,ASHBY,M,2000-08-18 00:00:00,tu mieszkam,88-100,Duze miasto,8889,@mail.com,Wyzsze,Poland
594,594,Linet,SKIDGEL,K,1993-08-08 00:00:00,tu mieszkam,88-100,Miasto,8889,@mail.com,Wyzsze,Poland
595,595,Dynah,WHITLINGER,K,1994-01-11 00:00:00,tu mieszkam,88-100,Duze miasto,8889,@mail.com,Nizsze,Poland
596,596,Malory,LINGAD,K,1966-10-22 00:00:00,tu mieszkam,88-100,Wies,8889,@mail.com,Zasadnicze,Poland
597,597,Evvie,NYSETHER,M,1953-02-23 00:00:00,tu mieszkam,88-100,Miasto,8889,@mail.com,Nizsze,Poland
598,598,Lotta,SLOMSKI,K,1967-07-07 00:00:00,tu mieszkam,88-100,Miasto,8889,@mail.com,Nizsze,Poland
599,599,Elmira,AQUERO,M,1982-04-17 00:00:00,tu mieszkam,88-100,Miasto,8889,@mail.com,Wyzsze,Poland
600,600,Lurleen,HODEL,K,1960-01-18 00:00:00,tu mieszkam,88-100,Duze miasto,8889,@mail.com,Zasadnicze,Poland
601,601,Cherri,MIESSNER,K,1978-06-26 00:00:00,tu mieszkam,88-100,Miasto,8889,@mail.com,Wyzsze,Poland
602,602,Teddie,PELLEY,K,1953-09-22 00:00:00,tu mieszkam,88-100,Duze miasto,8889,@mail.com,Nizsze,Poland
603,603,Andi,SEATS,M,1962-10-04 00:00:00,tu mieszkam,88-100,Miasto,8889,@mail.com,Wyzsze,Poland
604,604,Amabelle,STUEDEMANN,M,1980-04-18 00:00:00,tu mieszkam,88-100,Miasto,8889,@mail.com,Nizsze,Poland
605,605,Emiline,PAPANDREA,M,1987-04-28 00:00:00,tu mieszkam,88-100,Wies,8889,@mail.com,Wyzsze,Poland
606,606,Abigail,SULZMAN,M,1991-04-02 00:00:00,tu mieszkam,88-100,Miasto,8889,@mail.com,Zasadnicze,Poland
607,607,Sianna,BERENGUER,K,1966-04-17 00:00:00,tu mieszkam,88-100,Miasto,8889,@mail.com,Wyzsze,Poland
608,608,Helenka,SCOTTY,M,1993-05-06 00:00:00,tu mieszkam,88-100,Wies,8889,@mail.com,Wyzsze,Poland
609,609,Merna,MASLEN,M,1981-02-28 00:00:00,tu mieszkam,88-100,Duze miasto,8889,@mail.com,Zasadnicze,Poland
610,610,Desiree,ANGIONE,K,1960-03-21 00:00:00,tu mieszkam,88-100,Wies,8889,@mail.com,Zasadnicze,Poland
611,611,Maurene,KHN,K,1954-03-31 00:00:00,tu mieszkam,88-100,Duze miasto,8889,@mail.com,Nizsze,Poland
612,612,Charlot,BERGREN,M,1960-03-27 00:00:00,tu mieszkam,88-100,Duze miasto,8889,@mail.com,Zasadnicze,Poland
613,613,Annabela,SCHLIPP,K,1952-08-27 00:00:00,tu mieszkam,88-100,Duze miasto,8889,@mail.com,Nizsze,Poland
614,614,Janet,ALCIDE,K,1954-10-26 00:00:00,tu mieszkam,88-100,Wies,8889,@mail.com,Wyzsze,Poland
615,615,Ingeborg,DEMOND,K,1986-11-05 00:00:00,tu mieszkam,88-100,Wies,8889,@mail.com,Wyzsze,Poland
616,616,Roxine,RAPAPORT,K,2001-10-12 00:00:00,tu mieszkam,88-100,Duze miasto,8889,@mail.com,Nizsze,Poland
617,617,Elsie,TRNONG,K,1999-11-02 00:00:00,tu mieszkam,88-100,Duze miasto,8889,@mail.com,Wyzsze,Poland
618,618,Faunie,HIRAKI,M,1967-04-03 00:00:00,tu mieszkam,88-100,Miasto,8889,@mail.com,Wyzsze,Poland
619,619,Sascha,LACOVARA,K,1975-08-09 00:00:00,tu mieszkam,88-100,Duze miasto,8889,@mail.com,Wyzsze,Poland
620,620,Rozanne,YARNELL,M,1988-02-11 00:00:00,tu mieszkam,88-100,Wies,8889,@mail.com,Nizsze,Poland
621,621,Kristel,KRULISH,M,1983-03-12 00:00:00,tu mieszkam,88-100,Miasto,8889,@mail.com,Nizsze,Poland
622,622,Josephina,ZAKRZEWSKI,K,1968-08-23 00:00:00,tu mieszkam,88-100,Wies,8889,@mail.com,Zasadnicze,Poland
623,623,Becka,WADA,K,1967-01-10 00:00:00,tu mieszkam,88-100,Duze miasto,8889,@mail.com,Wyzsze,Poland
624,624,Valry,DERBY,K,1966-05-12 00:00:00,tu mieszkam,88-100,Miasto,8889,@mail.com,Wyzsze,Poland
625,625,Theadora,ESHOM,K,1953-12-21 00:00:00,tu mieszkam,88-100,Duze miasto,8889,@mail.com,Zasadnicze,Poland
626,626,Myrlene,LEVANDOSKI,M,1954-05-14 00:00:00,tu mieszkam,88-100,Duze miasto,8889,@mail.com,Nizsze,Poland
627,627,Louella,RAYBORN,K,1957-02-01 00:00:00,tu mieszkam,88-100,Wies,8889,@mail.com,Wyzsze,Poland
628,628,Anthe,OLEKSA,M,1955-02-21 00:00:00,tu mieszkam,88-100,Miasto,8889,@mail.com,Nizsze,Poland
629,629,Tildy,GOUTY,M,1964-09-27 00:00:00,tu mieszkam,88-100,Duze miasto,8889,@mail.com,Wyzsze,Poland
630,630,Joelle,ENGELBERG,K,1974-06-26 00:00:00,tu mieszkam,88-100,Duze miasto,8889,@mail.com,Zasadnicze,Poland
631,631,Violet,MUTCH,M,1983-08-24 00:00:00,tu mieszkam,88-100,Wies,8889,@mail.com,Wyzsze,Poland
632,632,Astrid,ZORICH,K,2001-05-07 00:00:00,tu mieszkam,88-100,Duze miasto,8889,@mail.com,Zasadnicze,Poland
633,633,Ania,RIDLER,M,1955-02-24 00:00:00,tu mieszkam,88-100,Duze miasto,8889,@mail.com,Zasadnicze,Poland
634,634,Viv,PULLER,M,1967-02-28 00:00:00,tu mieszkam,88-100,Miasto,8889,@mail.com,Zasadnicze,Poland
635,635,Cristionna,DEVIVO,M,1964-09-24 00:00:00,tu mieszkam,88-100,Wies,8889,@mail.com,Wyzsze,Poland
636,636,Jeanie,GREGERSEN,M,1972-10-08 00:00:00,tu mieszkam,88-100,Duze miasto,8889,@mail.com,Nizsze,Poland
637,637,Selinda,KYPUROS,K,1981-07-01 00:00:00,tu mieszkam,88-100,Miasto,8889,@mail.com,Wyzsze,Poland
638,638,Emmaline,MEECE,M,1963-04-18 00:00:00,tu mieszkam,88-100,Duze miasto,8889,@mail.com,Wyzsze,Poland
639,639,Elyssa,SEIFER,M,1996-02-03 00:00:00,tu mieszkam,88-100,Wies,8889,@mail.com,Nizsze,Poland
640,640,Nicholle,GRUEN,K,1955-07-21 00:00:00,tu mieszkam,88-100,Duze miasto,8889,@mail.com,Nizsze,Poland
641,641,Emili,PONZIO,M,1965-02-26 00:00:00,tu mieszkam,88-100,Miasto,8889,@mail.com,Zasadnicze,Poland
642,642,Sharleen,GINDER,K,1990-03-27 00:00:00,tu mieszkam,88-100,Miasto,8889,@mail.com,Zasadnicze,Poland
643,643,Karlee,DENZIN,M,1978-04-04 00:00:00,tu mieszkam,88-100,Miasto,8889,@mail.com,Wyzsze,Poland
644,644,Winonah,ROESKE,M,1952-10-26 00:00:00,tu mieszkam,88-100,Wies,8889,@mail.com,Nizsze,Poland
645,645,Hali,DOVENMUEHLER,M,1974-11-07 00:00:00,tu mieszkam,88-100,Wies,8889,@mail.com,Nizsze,Poland
646,646,Lynnea,SOLTON,K,1973-08-11 00:00:00,tu mieszkam,88-100,Wies,8889,@mail.com,Wyzsze,Indonesia
647,647,Zulema,LILLEY,M,1979-12-03 00:00:00,tu mieszkam,88-100,Duze miasto,8889,@mail.com,Nizsze,Poland
648,648,Arabele,BALI,M,1994-08-02 00:00:00,tu mieszkam,88-100,Wies,8889,@mail.com,Nizsze,Poland
649,649,Elsinore,PURDON,K,1992-10-08 00:00:00,tu mieszkam,88-100,Wies,8889,@mail.com,Nizsze,Poland
650,650,Jacynth,MATTERS,K,1971-01-22 00:00:00,tu mieszkam,88-100,Duze miasto,8889,@mail.com,Nizsze,Poland
651,651,Cristi,WIERZBICKI,K,1980-10-20 00:00:00,tu mieszkam,88-100,Duze miasto,8889,@mail.com,Nizsze,Poland
652,652,Camala,PROSAK,K,1978-05-20 00:00:00,tu mieszkam,88-100,Miasto,8889,@mail.com,Nizsze,Poland
653,653,Delora,THIEDE,M,1972-04-11 00:00:00,tu mieszkam,88-100,Duze miasto,8889,@mail.com,Zasadnicze,Poland
654,654,Codi,SCHAADT,K,1982-07-11 00:00:00,tu mieszkam,88-100,Wies,8889,@mail.com,Nizsze,Poland
655,655,Conchita,WHIGHAM,M,1987-05-01 00:00:00,tu mieszkam,88-100,Wies,8889,@mail.com,Zasadnicze,Poland
656,656,Elisabeth,BROUSE,K,1964-11-03 00:00:00,tu mieszkam,88-100,Miasto,8889,@mail.com,Zasadnicze,Poland
657,657,Shelagh,YESTRAMSKI,K,1962-12-29 00:00:00,tu mieszkam,88-100,Miasto,8889,@mail.com,Wyzsze,Poland
658,658,Lotty,VONG,M,1959-09-29 00:00:00,tu mieszkam,88-100,Duze miasto,8889,@mail.com,Nizsze,Poland
659,659,Giselle,BELNAS,K,2000-08-27 00:00:00,tu mieszkam,88-100,Wies,8889,@mail.com,Nizsze,Poland
660,660,Rozanna,CRIGLER,K,1980-11-03 00:00:00,tu mieszkam,88-100,Duze miasto,8889,@mail.com,Zasadnicze,Poland
661,661,Gerti,GIDEON,M,1961-04-20 00:00:00,tu mieszkam,88-100,Wies,8889,@mail.com,Zasadnicze,Poland
662,662,Nelly,DURBIN,M,1963-01-01 00:00:00,tu mieszkam,88-100,Wies,8889,@mail.com,Wyzsze,Poland
663,663,Arlyne,ANDREAS,M,1963-05-26 00:00:00,tu mieszkam,88-100,Duze miasto,8889,@mail.com,Wyzsze,Poland
664,664,Jacquenetta,PAPAY,K,1954-07-31 00:00:00,tu mieszkam,88-100,Duze miasto,8889,@mail.com,Nizsze,Poland
665,665,Fernanda,SIPPEL,K,1953-03-21 00:00:00,tu mieszkam,88-100,Duze miasto,8889,@mail.com,Wyzsze,Poland
666,666,Austin,DEPAULA,M,1968-02-10 00:00:00,tu mieszkam,88-100,Wies,8889,@mail.com,Zasadnicze,Poland
667,667,Jacquelin,YANT,M,1984-02-15 00:00:00,tu mieszkam,88-100,Miasto,8889,@mail.com,Nizsze,Poland
668,668,Tuesday,CRADLE,M,1959-09-08 00:00:00,tu mieszkam,88-100,Miasto,8889,@mail.com,Wyzsze,Poland
669,669,Dorena,AUDIRSCH,K,1981-12-21 00:00:00,tu mieszkam,88-100,Duze miasto,8889,@mail.com,Zasadnicze,Poland
670,670,Charita,HEMRY,M,1977-03-02 00:00:00,tu mieszkam,88-100,Miasto,8889,@mail.com,Nizsze,Poland
671,671,Kaleena,PORIETIS,M,1957-03-26 00:00:00,tu mieszkam,88-100,Miasto,8889,@mail.com,Wyzsze,Poland
672,672,Dorthea,GREINKE,M,1954-02-11 00:00:00,tu mieszkam,88-100,Wies,8889,@mail.com,Zasadnicze,Poland
673,673,Bette-Ann,ELGIN,M,2001-03-05 00:00:00,tu mieszkam,88-100,Wies,8889,@mail.com,Nizsze,Poland
674,674,Eleen,COGGSDALE,M,1968-03-07 00:00:00,tu mieszkam,88-100,Duze miasto,8889,@mail.com,Zasadnicze,Poland
675,675,Violette,LEMME,K,1957-01-30 00:00:00,tu mieszkam,88-100,Duze miasto,8889,@mail.com,Wyzsze,Poland
676,676,Ester,DINUNZIO,M,1974-12-22 00:00:00,tu mieszkam,88-100,Duze miasto,8889,@mail.com,Nizsze,Poland
677,677,Loreen,SMELTZER,M,1991-06-27 00:00:00,tu mieszkam,88-100,Miasto,8889,@mail.com,Nizsze,Poland
678,678,Lyndy,BARKO,K,1993-03-27 00:00:00,tu mieszkam,88-100,Duze miasto,8889,@mail.com,Wyzsze,Poland
679,679,Karel,KERSCH,K,1974-09-05 00:00:00,tu mieszkam,88-100,Wies,8889,@mail.com,Nizsze,Poland
680,680,Ashly,NISHIKAWA,M,1995-04-07 00:00:00,tu mieszkam,88-100,Duze miasto,8889,@mail.com,Nizsze,Poland
681,681,Rivalee,SCHOLES,K,1963-12-22 00:00:00,tu mieszkam,88-100,Wies,8889,@mail.com,Zasadnicze,Poland
682,682,Vivian,BERSTEIN,K,1984-02-06 00:00:00,tu mieszkam,88-100,Duze miasto,8889,@mail.com,Zasadnicze,Poland
683,683,Caprice,DEGRASS,K,1977-03-17 00:00:00,tu mieszkam,88-100,Wies,8889,@mail.com,Zasadnicze,Poland
684,684,Cherie,KHAUV,M,1955-08-29 00:00:00,tu mieszkam,88-100,Wies,8889,@mail.com,Nizsze,Poland
685,685,Perl,MCCOMB,K,1968-01-21 00:00:00,tu mieszkam,88-100,Wies,8889,@mail.com,Wyzsze,Poland
686,686,Joscelin,BANECKER,K,1963-08-06 00:00:00,tu mieszkam,88-100,Duze miasto,8889,@mail.com,Zasadnicze,Poland
687,687,Tyne,FRESQUEZ,M,1988-08-24 00:00:00,tu mieszkam,88-100,Miasto,8889,@mail.com,Nizsze,Poland
688,688,Athene,NOGGLER,M,1959-10-28 00:00:00,tu mieszkam,88-100,Miasto,8889,@mail.com,Nizsze,Poland
689,689,Barbabra,ARMON,K,1962-04-22 00:00:00,tu mieszkam,88-100,Wies,8889,@mail.com,Nizsze,Poland
690,690,Merl,REINEN,K,1957-01-13 00:00:00,tu mieszkam,88-100,Duze miasto,8889,@mail.com,Nizsze,Poland
691,691,Janeva,PALAKIKO,K,1987-11-12 00:00:00,tu mieszkam,88-100,Wies,8889,@mail.com,Zasadnicze,Poland
692,692,Marabel,DAFFRON,M,1958-01-21 00:00:00,tu mieszkam,88-100,Duze miasto,8889,@mail.com,Nizsze,Poland
693,693,Nicolette,MORONI,M,1974-09-11 00:00:00,tu mieszkam,88-100,Duze miasto,8889,@mail.com,Zasadnicze,Poland
694,694,Ruthy,FERGEN,K,1963-12-09 00:00:00,tu mieszkam,88-100,Miasto,8889,@mail.com,Zasadnicze,Poland
695,695,Coleen,BUCHANNON,M,1964-10-31 00:00:00,tu mieszkam,88-100,Duze miasto,8889,@mail.com,Zasadnicze,Poland
696,696,Shirleen,KLUMP,K,1958-09-13 00:00:00,tu mieszkam,88-100,Duze miasto,8889,@mail.com,Nizsze,Poland
697,697,Imogen,BRANTER,M,1999-08-25 00:00:00,tu mieszkam,88-100,Duze miasto,8889,@mail.com,Wyzsze,Poland
698,698,Lorry,MANNSCHRECK,M,1954-08-10 00:00:00,tu mieszkam,88-100,Wies,8889,@mail.com,Zasadnicze,Poland
699,699,Malvina,PALCZYNSKI,K,1985-03-28 00:00:00,tu mieszkam,88-100,Miasto,8889,@mail.com,Wyzsze,Poland
700,700,Alisun,NIXION,K,1981-05-08 00:00:00,tu mieszkam,88-100,Miasto,8889,@mail.com,Wyzsze,Fiji
701,701,Livvyy,HOINACKI,K,1998-04-05 00:00:00,tu mieszkam,88-100,Duze miasto,8889,@mail.com,Zasadnicze,Poland
702,702,Guendolen,NEILING,M,1988-08-23 00:00:00,tu mieszkam,88-100,Duze miasto,8889,@mail.com,Wyzsze,Poland
703,703,Xenia,PAYOR,K,1970-11-09 00:00:00,tu mieszkam,88-100,Miasto,8889,@mail.com,Zasadnicze,Poland
704,704,Eveleen,NAHAS,K,1980-07-09 00:00:00,tu mieszkam,88-100,Wies,8889,@mail.com,Wyzsze,Poland
705,705,Teriann,HANISKO,M,1989-08-19 00:00:00,tu mieszkam,88-100,Duze miasto,8889,@mail.com,Zasadnicze,Poland
706,706,Ulrika,GERARDI,M,1992-08-29 00:00:00,tu mieszkam,88-100,Miasto,8889,@mail.com,Wyzsze,Poland
707,707,Hildegarde,ROBERTI,M,1984-10-21 00:00:00,tu mieszkam,88-100,Miasto,8889,@mail.com,Zasadnicze,Poland
708,708,Camila,BONALUMI,K,1997-08-19 00:00:00,tu mieszkam,88-100,Wies,8889,@mail.com,Wyzsze,Poland
709,709,Dorolice,BEOUGHER,M,1953-06-08 00:00:00,tu mieszkam,88-100,Wies,8889,@mail.com,Wyzsze,Poland
710,710,Daria,JANOWIAK,K,1987-12-13 00:00:00,tu mieszkam,88-100,Miasto,8889,@mail.com,Wyzsze,Poland
711,711,Renie,BRESNAN,K,1955-03-01 00:00:00,tu mieszkam,88-100,Duze miasto,8889,@mail.com,Zasadnicze,Poland
712,712,Amandy,ROMANCE,M,2000-10-21 00:00:00,tu mieszkam,88-100,Miasto,8889,@mail.com,Nizsze,Poland
713,713,Caro,FIDDLER,M,1967-03-11 00:00:00,tu mieszkam,88-100,Wies,8889,@mail.com,Wyzsze,Poland
714,714,Henrie,PAOLETTA,M,1993-12-31 00:00:00,tu mieszkam,88-100,Duze miasto,8889,@mail.com,Nizsze,Poland
715,715,Elysee,MASZTAL,K,1971-12-27 00:00:00,tu mieszkam,88-100,Miasto,8889,@mail.com,Nizsze,Poland
716,716,Anastasie,MOEN,K,1971-12-29 00:00:00,tu mieszkam,88-100,Duze miasto,8889,@mail.com,Zasadnicze,Poland
717,717,Libbey,ADSIDE,M,1954-06-07 00:00:00,tu mieszkam,88-100,Miasto,8889,@mail.com,Wyzsze,Poland
718,718,Meryl,PETCH,K,1995-03-03 00:00:00,tu mieszkam,88-100,Wies,8889,@mail.com,Zasadnicze,Poland
719,719,Adelheid,STRANDE,M,1998-02-21 00:00:00,tu mieszkam,88-100,Duze miasto,8889,@mail.com,Zasadnicze,Poland
720,720,Alessandra,BONNEAU,K,1984-04-26 00:00:00,tu mieszkam,88-100,Wies,8889,@mail.com,Wyzsze,Poland
721,721,Collette,BIELAK,K,1956-11-24 00:00:00,tu mieszkam,88-100,Duze miasto,8889,@mail.com,Nizsze,Poland
722,722,Halette,DEQUINZIO,M,1981-07-02 00:00:00,tu mieszkam,88-100,Wies,8889,@mail.com,Zasadnicze,Poland
723,723,Eolanda,BEGOLLI,M,1987-12-06 00:00:00,tu mieszkam,88-100,Duze miasto,8889,@mail.com,Wyzsze,Poland
724,724,Renelle,JESKE,K,1977-08-12 00:00:00,tu mieszkam,88-100,Duze miasto,8889,@mail.com,Wyzsze,Poland
725,725,Sabra,PEATMAN,M,1999-03-14 00:00:00,tu mieszkam,88-100,Duze miasto,8889,@mail.com,Nizsze,Poland
726,726,Jayne,GLADYSZ,I,1975-04-17 00:00:00,tu mieszkam,88-100,Wies,8889,@mail.com,Wyzsze,Poland
727,727,Caria,CARTHON,M,1965-05-14 00:00:00,tu mieszkam,88-100,Miasto,8889,@mail.com,Nizsze,Poland
728,728,Corilla,PHANTHANOUVON,K,1953-04-07 00:00:00,tu mieszkam,88-100,Miasto,8889,@mail.com,Zasadnicze,Poland
729,729,Evey,REINKEN,M,1976-05-27 00:00:00,tu mieszkam,88-100,Wies,8889,@mail.com,Zasadnicze,Poland
730,730,Dosi,CHENOT,K,1995-11-16 00:00:00,tu mieszkam,88-100,Miasto,8889,@mail.com,Zasadnicze,Poland
731,731,Ginevra,MCKENTIE,K,1990-12-03 00:00:00,tu mieszkam,88-100,Miasto,8889,@mail.com,Wyzsze,Poland
732,732,Carla,BORMAN,K,1983-11-10 00:00:00,tu mieszkam,88-100,Miasto,8889,@mail.com,Zasadnicze,Poland
733,733,Christine,ROUSE,M,1985-01-12 00:00:00,tu mieszkam,88-100,Miasto,8889,@mail.com,Zasadnicze,Poland
734,734,Cyndy,GILLING,M,1965-04-15 00:00:00,tu mieszkam,88-100,Duze miasto,8889,@mail.com,Zasadnicze,Poland
735,735,Eugenie,MORMANN,K,1995-10-16 00:00:00,tu mieszkam,88-100,Duze miasto,8889,@mail.com,Nizsze,Poland
736,736,Thomasine,PREISS,K,1971-10-28 00:00:00,tu mieszkam,88-100,Wies,8889,@mail.com,Zasadnicze,Poland
737,737,Jennifer,LEFTWICH,K,1963-08-08 00:00:00,tu mieszkam,88-100,Wies,8889,@mail.com,Nizsze,Poland
738,738,Lilian,GAUB,K,1987-12-07 00:00:00,tu mieszkam,88-100,Duze miasto,8889,@mail.com,Nizsze,Poland
739,739,Peri,DUNG,M,1983-12-27 00:00:00,tu mieszkam,88-100,Miasto,8889,@mail.com,Nizsze,Poland
740,740,Aretha,MCCLENNINGHAM,M,1994-11-13 00:00:00,tu mieszkam,88-100,Miasto,8889,@mail.com,Wyzsze,Poland
741,741,Charleen,MAUREY,K,2000-07-26 00:00:00,tu mieszkam,88-100,Wies,8889,@mail.com,Wyzsze,Poland
742,742,Florrie,KLAGES,M,1956-08-23 00:00:00,tu mieszkam,88-100,Duze miasto,8889,@mail.com,Nizsze,Poland
743,743,Glynda,RENZULLI,M,1955-12-27 00:00:00,tu mieszkam,88-100,Wies,8889,@mail.com,Zasadnicze,Poland
744,744,Anthea,CALTABIANO,M,1966-11-17 00:00:00,tu mieszkam,88-100,Miasto,8889,@mail.com,Wyzsze,Poland
745,745,Audy,ZERKO,M,1964-02-28 00:00:00,tu mieszkam,88-100,Miasto,8889,@mail.com,Wyzsze,Poland
746,746,Chlo,LOERA,M,1991-08-18 00:00:00,tu mieszkam,88-100,Duze miasto,8889,@mail.com,Wyzsze,Poland
747,747,Lucretia,TIEDEMANN,K,1965-02-12 00:00:00,tu mieszkam,88-100,Duze miasto,8889,@mail.com,Nizsze,Poland
748,748,Grata,WESTERN,M,1988-05-01 00:00:00,tu mieszkam,88-100,Duze miasto,8889,@mail.com,Wyzsze,Poland
749,749,Cecelia,BURGET,M,1998-04-15 00:00:00,tu mieszkam,88-100,Miasto,8889,@mail.com,Wyzsze,Poland
750,750,Dulcie,QUILES,M,1969-11-04 00:00:00,tu mieszkam,88-100,Duze miasto,8889,@mail.com,Wyzsze,Poland
751,751,Blondie,LICHTENWALNER,K,1973-01-09 00:00:00,tu mieszkam,88-100,Duze miasto,8889,@mail.com,Nizsze,Poland
752,752,Ollie,LINDY,K,2000-08-03 00:00:00,tu mieszkam,88-100,Duze miasto,8889,@mail.com,Nizsze,Poland
753,753,Vilhelmina,HELDER,K,1983-03-08 00:00:00,tu mieszkam,88-100,Duze miasto,8889,@mail.com,Zasadnicze,Poland
754,754,Connie,EDDY,K,1982-07-14 00:00:00,tu mieszkam,88-100,Miasto,8889,@mail.com,Wyzsze,Poland
755,755,Monica,SYPHER,K,1998-07-21 00:00:00,tu mieszkam,88-100,Duze miasto,8889,@mail.com,Nizsze,Poland
756,756,Lorine,KOEP,K,1994-04-24 00:00:00,tu mieszkam,88-100,Wies,8889,@mail.com,Nizsze,Poland
757,757,Teresa,HAMONDS,M,1997-05-17 00:00:00,tu mieszkam,88-100,Miasto,8889,@mail.com,Zasadnicze,Poland
758,758,Leeann,RUYZ,M,1995-05-10 00:00:00,tu mieszkam,88-100,Duze miasto,8889,@mail.com,Zasadnicze,Poland
759,759,Julia,BEEK,M,1996-05-22 00:00:00,tu mieszkam,88-100,Wies,8889,@mail.com,Nizsze,Poland
760,760,Jessika,LITZSINGER,K,1959-09-16 00:00:00,tu mieszkam,88-100,Miasto,8889,@mail.com,Wyzsze,Andorra
761,761,Shir,GHAZIANI,M,1980-10-02 00:00:00,tu mieszkam,88-100,Wies,8889,@mail.com,Nizsze,Poland
762,762,Marni,KAMINSKY,K,1959-08-07 00:00:00,tu mieszkam,88-100,Wies,8889,@mail.com,Wyzsze,Poland
763,763,Dru,SAMMET,K,1963-11-29 00:00:00,tu mieszkam,88-100,Wies,8889,@mail.com,Wyzsze,Poland
764,764,Celestine,MCCLEES,K,1986-08-03 00:00:00,tu mieszkam,88-100,Wies,8889,@mail.com,Zasadnicze,Poland
765,765,Vanni,LEHTO,I,1968-10-14 00:00:00,tu mieszkam,88-100,Miasto,8889,@mail.com,Nizsze,Poland
766,766,Bella,AINSWORTH,K,1984-06-26 00:00:00,tu mieszkam,88-100,Miasto,8889,@mail.com,Wyzsze,Poland
767,767,Larissa,HUFSTETLER,M,1996-08-28 00:00:00,tu mieszkam,88-100,Miasto,8889,@mail.com,Nizsze,Poland
768,768,Onida,LOBALBO,M,1974-04-17 00:00:00,tu mieszkam,88-100,Duze miasto,8889,@mail.com,Zasadnicze,Poland
769,769,Trixie,POLCYN,M,1966-04-30 00:00:00,tu mieszkam,88-100,Duze miasto,8889,@mail.com,Zasadnicze,Poland
770,770,Toma,FOLLETTE,M,1969-05-23 00:00:00,tu mieszkam,88-100,Wies,8889,@mail.com,Nizsze,Poland
771,771,Daune,HAECK,K,1994-10-17 00:00:00,tu mieszkam,88-100,Miasto,8889,@mail.com,Zasadnicze,Poland
772,772,Giovanna,NEWHART,M,1993-06-22 00:00:00,tu mieszkam,88-100,Wies,8889,@mail.com,Wyzsze,Poland
773,773,Mahalia,SWAYNOS,K,1993-02-20 00:00:00,tu mieszkam,88-100,Miasto,8889,@mail.com,Zasadnicze,Poland
774,774,Cristie,ERHART,M,1960-11-19 00:00:00,tu mieszkam,88-100,Miasto,8889,@mail.com,Zasadnicze,Poland
775,775,Ardelle,PAGLIO,M,1990-09-08 00:00:00,tu mieszkam,88-100,Wies,8889,@mail.com,Zasadnicze,Poland
776,776,Ula,WOLANSKI,K,1997-02-08 00:00:00,tu mieszkam,88-100,Wies,8889,@mail.com,Zasadnicze,Poland
777,777,Magdalen,GUST,K,1983-10-20 00:00:00,tu mieszkam,88-100,Miasto,8889,@mail.com,Zasadnicze,Poland
778,778,Fayre,MARSLAND,K,1965-04-14 00:00:00,tu mieszkam,88-100,Wies,8889,@mail.com,Nizsze,Poland
779,779,Zorina,ELWONGER,M,1984-08-06 00:00:00,tu mieszkam,88-100,Duze miasto,8889,@mail.com,Nizsze,Poland
780,780,Tori,EBLEN,M,1988-08-12 00:00:00,tu mieszkam,88-100,Wies,8889,@mail.com,Wyzsze,Poland
781,781,Kamillah,FERRA,K,1964-05-05 00:00:00,tu mieszkam,88-100,Wies,8889,@mail.com,Zasadnicze,Poland
782,782,Tina,MINNS,M,1963-05-28 00:00:00,tu mieszkam,88-100,Duze miasto,8889,@mail.com,Wyzsze,Poland
783,783,Auguste,MADONNA,M,1978-08-13 00:00:00,tu mieszkam,88-100,Miasto,8889,@mail.com,Zasadnicze,Poland
784,784,Ema,LICKLITER,K,1975-10-07 00:00:00,tu mieszkam,88-100,Wies,8889,@mail.com,Nizsze,Poland
785,785,Brandie,SWENTZEL,K,1959-04-12 00:00:00,tu mieszkam,88-100,Miasto,8889,@mail.com,Wyzsze,Poland
786,786,Ardis,VANORDER,M,2002-10-17 00:00:00,tu mieszkam,88-100,Miasto,8889,@mail.com,Nizsze,Poland
787,787,Meara,GREDER,K,1997-05-04 00:00:00,tu mieszkam,88-100,Miasto,8889,@mail.com,Wyzsze,Poland
788,788,Vale,DVORAK,K,1990-11-23 00:00:00,tu mieszkam,88-100,Duze miasto,8889,@mail.com,Zasadnicze,Poland
789,789,Carol,SOLAS,M,1954-12-26 00:00:00,tu mieszkam,88-100,Miasto,8889,@mail.com,Zasadnicze,Poland
790,790,Rosemonde,EK,K,1971-01-31 00:00:00,tu mieszkam,88-100,Duze miasto,8889,@mail.com,Nizsze,Poland
791,791,Stoddard,WILLCOXON,M,1976-05-05 00:00:00,tu mieszkam,88-100,Duze miasto,8889,@mail.com,Wyzsze,Poland
792,792,Arabela,KOVACS,K,1967-07-25 00:00:00,tu mieszkam,88-100,Wies,8889,@mail.com,Zasadnicze,Poland
793,793,Carlie,KARASEK,M,1979-11-21 00:00:00,tu mieszkam,88-100,Duze miasto,8889,@mail.com,Nizsze,Poland
794,794,Andriana,MERTENS,K,1984-02-25 00:00:00,tu mieszkam,88-100,Miasto,8889,@mail.com,Nizsze,Poland
795,795,Ursola,LOISELLE,M,1994-04-02 00:00:00,tu mieszkam,88-100,Wies,8889,@mail.com,Zasadnicze,Poland
796,796,Fayette,EHIGIATOR,K,1981-07-14 00:00:00,tu mieszkam,88-100,Wies,8889,@mail.com,Zasadnicze,Poland
797,797,Selinda,PLATT,M,1993-09-25 00:00:00,tu mieszkam,88-100,Wies,8889,@mail.com,Wyzsze,Poland
798,798,Tana,GOGOCHA,M,1981-11-19 00:00:00,tu mieszkam,88-100,Duze miasto,8889,@mail.com,Wyzsze,Poland
799,799,Anna-Maria,HOLLENSHEAD,M,1964-05-17 00:00:00,tu mieszkam,88-100,Wies,8889,@mail.com,Nizsze,Poland
800,800,Druci,OBAR,K,1992-08-11 00:00:00,tu mieszkam,88-100,Wies,8889,@mail.com,Zasadnicze,Poland
801,801,Mersey,BALIGA,K,1962-01-22 00:00:00,tu mieszkam,88-100,Duze miasto,8889,@mail.com,Nizsze,Poland
802,802,Aprilette,REAGAN,K,1984-01-28 00:00:00,tu mieszkam,88-100,Wies,8889,@mail.com,Nizsze,Poland
803,803,Steffie,KILVER,M,1971-07-14 00:00:00,tu mieszkam,88-100,Duze miasto,8889,@mail.com,Wyzsze,Poland
804,804,Alysa,PECORARO,M,1988-11-18 00:00:00,tu mieszkam,88-100,Wies,8889,@mail.com,Zasadnicze,Poland
805,805,Cherilynn,HISKEY,M,1993-02-24 00:00:00,tu mieszkam,88-100,Wies,8889,@mail.com,Wyzsze,Poland
806,806,Yolanda,DREESE,M,1964-09-12 00:00:00,tu mieszkam,88-100,Miasto,8889,@mail.com,Zasadnicze,Poland
807,807,Joby,FUHRMANN,M,2001-05-25 00:00:00,tu mieszkam,88-100,Miasto,8889,@mail.com,Wyzsze,Poland
808,808,Winnie,LABABIT,M,1964-08-13 00:00:00,tu mieszkam,88-100,Wies,8889,@mail.com,Nizsze,Poland
809,809,Tarra,MARMIE,K,1975-06-11 00:00:00,tu mieszkam,88-100,Miasto,8889,@mail.com,Zasadnicze,Poland
810,810,Dosi,BRUCKNER,K,1990-09-08 00:00:00,tu mieszkam,88-100,Miasto,8889,@mail.com,Zasadnicze,Poland
811,811,Dru,IZAGUIRRE,K,1970-05-22 00:00:00,tu mieszkam,88-100,Wies,8889,@mail.com,Zasadnicze,Poland
812,812,Georgianne,MAGAN,K,1989-01-01 00:00:00,tu mieszkam,88-100,Wies,8889,@mail.com,Wyzsze,Poland
813,813,Giselle,SOLICH,M,1988-11-15 00:00:00,tu mieszkam,88-100,Wies,8889,@mail.com,Wyzsze,Poland
814,814,Simonette,CUCH,M,1994-04-02 00:00:00,tu mieszkam,88-100,Miasto,8889,@mail.com,Zasadnicze,Poland
815,815,Zonda,RICKEY,M,1959-03-16 00:00:00,tu mieszkam,88-100,Duze miasto,8889,@mail.com,Nizsze,Poland
816,816,Lucie,NORSEWORTHY,M,1954-12-04 00:00:00,tu mieszkam,88-100,Wies,8889,@mail.com,Nizsze,Poland
